first_word	ensemble_pred	ensemble_conf	n_encoders_voting	gt_modal	gt_total_emits	jsd_vs_gt	similarity	argmax_matches_gt_modal	total_emit_count	is_claude	ensemble_p_HP-D	ensemble_p_HP-S	ensemble_p_LP	ensemble_p_NP	ensemble_p_HN-D	ensemble_p_HN-S	ensemble_p_LN	ensemble_p_NB	ensemble_p_HB	gt_p_HP-D	gt_p_HP-S	gt_p_LP	gt_p_NP	gt_p_HN-D	gt_p_HN-S	gt_p_LN	gt_p_NB	gt_p_HB	gemma_pred	gemma_conf	opus_pred	opus_conf
(	NB	0.1756	2		0				55	False	0.0756	0.0755	0.0956	0.0956	0.0955	0.1155	0.1356	0.1756	0.1356										HP-D	0.111	NB	0.24
((((;°д°))))	HN-S	0.8652	2	HN-S	3	0.0492	0.9291	True	3	True	0.0	0.0	0.0	0.0	0.0194	0.8652	0.0	0.0	0.1154	0.0	0.0	0.0	0.0	0.0	1.0	0.0	0.0	0.0	HN-S	1.0	HN-S	0.731
(((;°д°)))	HN-S	0.7577	2	HN-S	11	0.0924	0.8667	True	11	True	0.0038	0.0071	0.0	0.0	0.085	0.7577	0.0175	0.0	0.129	0.0	0.0	0.0	0.0	0.0	1.0	0.0	0.0	0.0	HN-S	0.851	HN-S	0.664
(((;꒪д꒪)))	HN-S	0.8292	2		0				2	True	0.0001	0.0	0.0	0.0	0.0514	0.8292	0.0197	0.0	0.0996										HN-S	0.91	HN-S	0.748
(((o(*°▽°*)o)))	HP-S	0.5704	2	HP-S	3	0.1787	0.7423	True	3	True	0.1425	0.5704	0.0501	0.0779	0.0009	0.1555	0.0	0.0007	0.002	0.0	1.0	0.0	0.0	0.0	0.0	0.0	0.0	0.0	HP-S	0.666	HP-S	0.475
(((o(*ﾟ▽ﾟ	HP-S	0.6886	2	HP-S	5	0.1224	0.8234	True	5	True	0.1361	0.6886	0.0792	0.0612	0.0006	0.0303	0.0	0.002	0.002	0.0	1.0	0.0	0.0	0.0	0.0	0.0	0.0	0.0	HP-S	0.903	HP-S	0.474
(((o(°▽°)o)))	HP-S	0.6553	2		0				2	True	0.1279	0.6553	0.0448	0.0998	0.0	0.0094	0.0	0.0491	0.0137										HP-S	0.828	HP-S	0.482
((⊂(`ω´∩)	HN-S	0.4817	2		0				0	False	0.156	0.1062	0.0162	0.0225	0.1313	0.4817	0.0415	0.0111	0.0334										HN-S	0.875	HP-D	0.311
((✿◕‿◕))	HP-S	0.5113	2		0				0	False	0.0483	0.5113	0.2123	0.1182	0.0013	0.0903	0.0011	0.0162	0.001										HP-S	0.79	LP	0.419
((・▽・))	HN-S	0.4636	2		0				1	True	0.0627	0.1459	0.1563	0.1042	0.0034	0.4636	0.0011	0.0398	0.0229										HN-S	0.927	LP	0.312
()	NB	0.2611	2		0				14	False	0.03	0.1145	0.0472	0.0572	0.0437	0.1907	0.1585	0.2611	0.097										HN-S	0.34	NB	0.417
(-_-;)	HN-S	0.5316	2		0				0	False	0.0	0.0	0.0064	0.0159	0.0626	0.5316	0.0958	0.0637	0.2241										HN-S	0.777	HB	0.318
(-‸–)	LN	0.365	2		0				2	False	0.0191	0.0032	0.0062	0.0098	0.2433	0.0671	0.365	0.1231	0.1632										LN	0.515	HN-D	0.276
(..)	NB	0.2369	2		0				0	False	0.0191	0.0151	0.0448	0.0297	0.034	0.152	0.2342	0.2369	0.234										HB	0.292	NB	0.235
(._.)	LN	0.6075	2		0				1	False	0.003	0.0029	0.0146	0.0145	0.0146	0.0376	0.6075	0.2141	0.0911										LN	0.953	NB	0.407
(/≧▽≦)	HP-D	0.4384	2		0				1	False	0.4384	0.2566	0.0406	0.0961	0.1164	0.0087	0.0052	0.0023	0.0356										HP-D	0.595	HP-S	0.487
(/▽＼)	HP-D	0.3334	2		0				0	False	0.3334	0.1548	0.178	0.222	0.0001	0.0544	0.0003	0.0223	0.0348										HP-D	0.613	LP	0.324
(;'ω';)	HN-S	0.4494	2		0				1	False	0.0887	0.0474	0.0485	0.0812	0.0217	0.4494	0.1107	0.03	0.1225										HN-S	0.293	HN-S	0.605
(;;)	HN-S	0.5236	2		0				6	False	0.0077	0.0011	0.0094	0.0003	0.0097	0.5236	0.3902	0.0218	0.0361										HN-S	0.926	LN	0.766
(;;_;;)	HN-S	0.5138	2		0				2	False	0.0	0.0	0.0	0.0	0.0101	0.5138	0.4756	0.0	0.0005										HN-S	0.934	LN	0.888
(;_;)	LN	0.8256	2		0				4	False	0.0	0.0	0.0	0.0	0.0109	0.1635	0.8256	0.0	0.0										LN	0.761	LN	0.89
(;`ﾉωﾉ´)	HN-S	0.6359	2		0				1	False	0.0152	0.0303	0.0455	0.0152	0.0553	0.6359	0.0303	0.0155	0.1569										HN-S	0.939	HN-S	0.333
(;¬_¬)	HB	0.3553	2		0				0	False	0.0195	0.0025	0.0051	0.0051	0.3206	0.1258	0.0762	0.09	0.3553										HB	0.457	HN-D	0.279
(;´д`)	HN-S	0.4751	2		0				43	True	0.0	0.0	0.0	0.0	0.1779	0.4751	0.2977	0.0	0.0493										HN-S	0.527	HN-S	0.423
(;´д`ｿ)	HN-S	0.6071	2		0				0	False	0.0028	0.0028	0.0057	0.0057	0.088	0.6071	0.1794	0.0142	0.0942										HN-S	0.788	HN-S	0.426
(;´༎ຶд༎ຶ`)	LN	0.6079	2		0				12	False	0.0	0.0	0.0	0.0	0.0296	0.3444	0.6079	0.0	0.0181										LN	0.537	LN	0.679
(;´∀`)	HP-D	0.284	2		0				2	False	0.284	0.0496	0.0656	0.0918	0.0161	0.0533	0.0251	0.2493	0.1652										HP-D	0.495	HB	0.22
(;´▽`A)	HN-S	0.3076	2		0				1	False	0.1493	0.0488	0.0379	0.1075	0.015	0.3076	0.029	0.1394	0.1655										HN-S	0.399	HB	0.27
(;´ヮ`)	HN-S	0.2338	2		0				1	True	0.0166	0.0444	0.0559	0.0738	0.0224	0.2338	0.2168	0.1133	0.223										LN	0.35	HB	0.25
(;´꒳`)	NB	0.2502	2		0				1	False	0.0113	0.0072	0.1113	0.0699	0.0165	0.1897	0.2336	0.2502	0.1103										NB	0.379	HN-S	0.274
(;ω;)	HN-S	0.463	2		0				47	False	0.0037	0.0	0.0081	0.0001	0.043	0.463	0.4331	0.0008	0.0483										HN-S	0.765	LN	0.766
(;д;)	HN-S	0.6003	2		0				1	False	0.0036	0.0036	0.0036	0.0036	0.04	0.6003	0.3264	0.0072	0.0117										HN-S	0.949	LN	0.647
(;′⌒`)	HN-S	0.3676	2		0				23	False	0.0001	0.0	0.0	0.0068	0.2719	0.3676	0.2436	0.0181	0.0918										HN-S	0.463	LN	0.374
(;⁎_⁎)	HN-S	0.4399	2		0				1	False	0.0068	0.0068	0.0068	0.0068	0.2187	0.4399	0.1706	0.0339	0.1099										HN-S	0.508	HN-S	0.372
(;⌒_⌒)	LN	0.5221	2		0				0	False	0.0063	0.0063	0.0157	0.0157	0.0438	0.1811	0.5221	0.0629	0.146										LN	0.793	HB	0.283
(;╹⌓╹)	HN-S	0.7029	2		0				1	True	0.0033	0.0033	0.0033	0.0067	0.0217	0.7029	0.0853	0.0167	0.1569										HN-S	0.906	HN-S	0.5
(;へ:)	LN	0.3788	2		0				1	False	0.0179	0.0011	0.0005	0.0011	0.1793	0.2996	0.3788	0.0049	0.117										HN-S	0.432	LN	0.75
(;゚д゚)	HN-S	0.793	2		0				1	True	0.0	0.0	0.0	0.0	0.0213	0.793	0.0173	0.0167	0.1517										HN-S	0.953	HN-S	0.633
(;゜□゜)	HB	0.4887	2		0				1	True	0.0	0.007	0.0	0.0	0.0186	0.4491	0.0176	0.0189	0.4887										HB	0.766	HN-S	0.669
(;・`O・´)	HN-S	0.4192	2		0				1	False	0.0058	0.0057	0.0058	0.0086	0.3448	0.4192	0.0287	0.0304	0.151										HN-S	0.58	HN-D	0.402
(;・∀・)	HB	0.4896	2		0				2	True	0.027	0.0128	0.0128	0.0385	0.0167	0.1006	0.0256	0.2763	0.4896										HB	0.62	HB	0.359
(;一_一)	HN-D	0.3361	2		0				2	False	0.0051	0.0	0.0	0.0	0.3361	0.2609	0.113	0.068	0.217										HN-S	0.425	HN-D	0.355
(;﹏;)	HN-S	0.5266	2		0				1	False	0.0	0.0	0.0	0.0	0.0244	0.5266	0.4473	0.0	0.0017										HN-S	0.822	LN	0.731
(;ﾟдﾟ)	HN-S	0.7707	2		0				1	True	0.003	0.003	0.0	0.0	0.0173	0.7707	0.0156	0.0152	0.1751										HN-S	0.98	HN-S	0.561
(;￣д￣)	HN-S	0.4088	2		0				0	False	0.0	0.0	0.0	0.0	0.3132	0.4088	0.1366	0.0152	0.1261										HN-S	0.575	HN-D	0.333
(;￣□￣)	HB	0.5322	2		0				0	False	0.0031	0.0031	0.0	0.0	0.1467	0.2687	0.0309	0.0154	0.5322										HB	0.817	HN-S	0.432
(=^-^=)	LN	0.3307	2		0				10	False	0.0655	0.087	0.1957	0.1305	0.1334	0.0301	0.3307	0.0229	0.0043										LN	0.661	LP	0.391
(=^-ω-^=)	LP	0.241	2		0				34	False	0.0651	0.0401	0.241	0.1312	0.1927	0.0427	0.2274	0.0283	0.0316										LN	0.444	LP	0.482
(=^-ω^-=)	LN	0.3728	2		0				3	False	0.0998	0.0798	0.1694	0.1096	0.1171	0.0204	0.3728	0.02	0.0111										LN	0.738	LP	0.339
(=^_^=)	LN	0.1809	2		0				2	False	0.1004	0.144	0.1673	0.1301	0.0192	0.0274	0.1809	0.1141	0.1167										LN	0.362	LP	0.333
(=^‿^=)	HP-D	0.558	2		0				0	False	0.558	0.1266	0.1675	0.1252	0.0002	0.0	0.0001	0.0192	0.0031										HP-D	0.92	LP	0.333
(=^・^=)	HP-D	0.2573	2		0				1	False	0.2573	0.1242	0.199	0.1315	0.0093	0.0021	0.0001	0.2392	0.0373										HP-D	0.422	LP	0.395
(=^・ω・^=)	HP-D	0.3895	2		0				27	False	0.3895	0.0994	0.185	0.1257	0.0897	0.0059	0.0012	0.0511	0.0526										HP-D	0.656	LP	0.367
(=^・ｪ・^=)	HP-D	0.404	2		0				1	False	0.404	0.0859	0.1966	0.1083	0.0335	0.0068	0.007	0.1209	0.0369										HP-D	0.739	LP	0.392
(=`ω´=)	HN-D	0.7173	2		0				0	False	0.0506	0.0167	0.0167	0.0167	0.7173	0.0485	0.0206	0.0667	0.0462										HN-D	0.935	HN-D	0.5
(=ↀωↀ=)	HB	0.2259	2		0				1	False	0.1908	0.0803	0.1529	0.0814	0.1674	0.0226	0.0088	0.0698	0.2259										HB	0.431	LP	0.305
(=⌒‿‿⌒=)	LN	0.4751	2		0				0	False	0.0907	0.0667	0.2002	0.1334	0.0158	0.002	0.4751	0.0112	0.0049										LN	0.95	LP	0.4
(>^_^)	HP-S	0.6481	2		0				1	False	0.1431	0.6481	0.0816	0.0965	0.0041	0.0041	0.002	0.0102	0.0102										HP-S	0.99	HP-S	0.306
(>_<)	HN-S	0.608	2		0				54	True	0.0075	0.0329	0.0033	0.0043	0.2057	0.608	0.082	0.0066	0.0497										HN-S	0.758	HN-S	0.458
(>_<;)	HN-S	0.7612	2		0				14	True	0.0	0.0	0.0	0.0	0.0717	0.7612	0.0668	0.0	0.1003										HN-S	0.956	HN-S	0.567
(>ω<)	HP-D	0.483	2		0				1	False	0.483	0.3076	0.1082	0.0665	0.0043	0.0108	0.0043	0.0044	0.0108										HP-D	0.728	HP-S	0.346
(>ω<*	HP-S	0.5237	2		0				1	False	0.2598	0.5237	0.1092	0.0658	0.0044	0.0109	0.0044	0.0109	0.0109										HP-S	0.742	HP-S	0.306
(>‿<)	HP-S	0.5182	2		0				0	False	0.2112	0.5182	0.1258	0.1127	0.0042	0.0042	0.0021	0.0112	0.0104										HP-S	0.745	HP-S	0.292
(>‿◕)	HP-S	0.4987	2		0				0	False	0.2915	0.4987	0.0684	0.1038	0.0053	0.0026	0.0026	0.0137	0.0132										HP-S	0.812	HP-D	0.45
(>‿◕✨)	HP-S	0.6325	2		0				0	False	0.1905	0.6325	0.067	0.0787	0.0045	0.0022	0.0022	0.0112	0.0112										HP-S	0.997	HP-D	0.379
(>‿◠)	HP-S	0.5545	2		0				3	False	0.2361	0.5545	0.0802	0.0971	0.0046	0.0023	0.0023	0.0116	0.0114										HP-S	0.903	HP-D	0.388
(>‿◠)‿⭐	HP-S	0.6458	2		0				1	False	0.1875	0.6458	0.0625	0.0833	0.0	0.0	0.0	0.0104	0.0104										HP-S	1.0	HP-D	0.375
(>‿◼︵◼<)	HP-S	0.3934	2		0				1	False	0.0869	0.3934	0.0176	0.0519	0.075	0.175	0.1	0.0252	0.075										HP-S	0.762	HN-S	0.35
(>∀<☆)	HP-D	0.4879	2	HP-S	14	0.2428	0.6497	False	14	True	0.4879	0.3799	0.0595	0.0726	0.0	0.0	0.0	0.0	0.0	0.0	0.8571	0.0	0.1429	0.0	0.0	0.0	0.0	0.0	HP-D	0.642	HP-S	0.405
(>▽<)	HP-S	0.7012	2		0				1	False	0.1304	0.7012	0.0592	0.0712	0.0047	0.0118	0.0047	0.0047	0.0118										HP-S	1.0	HP-S	0.403
(>﹏<)	HN-S	0.6979	2	HN-S	6	0.1123	0.838	True	30	True	0.0082	0.0298	0.0031	0.0033	0.0837	0.6979	0.1068	0.0061	0.0611	0.0	0.1667	0.0	0.0	0.0	0.6667	0.0	0.0	0.1667	HN-S	0.877	HN-S	0.518
(>﹏<｡)	HN-S	0.5916	2		0				6	False	0.0003	0.1839	0.0	0.0038	0.0536	0.5916	0.15	0.0	0.0167										HN-S	0.617	HN-S	0.567
(O.O)	HN-S	0.6337	2		0				2	False	0.0066	0.0234	0.0061	0.0061	0.007	0.6337	0.0062	0.1192	0.1918										HN-S	0.934	HB	0.364
(OO;ν)	HN-S	0.676	2		0				1	False	0.0118	0.0158	0.006	0.0069	0.0443	0.676	0.0299	0.0499	0.1594										HN-S	0.921	HN-S	0.431
(O_O)	HB	0.4963	2		0				8	False	0.0136	0.0143	0.0057	0.0057	0.0445	0.277	0.0143	0.1288	0.4963										HB	0.652	HB	0.341
(OwO)	NB	0.2947	2		0				1	False	0.2253	0.1498	0.0874	0.0787	0.0017	0.0375	0.001	0.2947	0.1239										NB	0.508	HP-S	0.286
(T-T)	LN	0.3991	2		0				10	False	0.0285	0.2846	0.0007	0.0413	0.0346	0.1599	0.3991	0.0155	0.0359										HP-S	0.569	LN	0.792
(TT)	LN	0.3364	2		0				2	False	0.0134	0.2922	0.1002	0.0504	0.0256	0.1433	0.3364	0.0192	0.0192										HP-S	0.562	LN	0.672
(T^T)	LN	0.3711	2		0				2	False	0.0082	0.1691	0.0102	0.2159	0.0195	0.0782	0.3711	0.1198	0.0079										NP	0.424	LN	0.742
(T_T)	LN	0.4588	2		0				21	False	0.0001	0.0001	0.0	0.0025	0.0331	0.4261	0.4588	0.0013	0.0781										HN-S	0.727	LN	0.792
(T▽T)	HP-S	0.5538	2		0				2	False	0.0168	0.5538	0.0155	0.0362	0.0309	0.0617	0.2623	0.0073	0.0155										HP-S	0.953	LN	0.525
(^	HP-D	0.3022	2		0				0	False	0.3022	0.1221	0.1635	0.2528	0.0045	0.0048	0.0058	0.1212	0.023										HP-D	0.423	LP	0.249
(^-^)	NB	0.4079	2		0				48	False	0.0613	0.0858	0.2115	0.2334	0.0	0.0	0.0001	0.4079	0.0001										NB	0.744	LP	0.405
(^.^)	NB	0.3713	2		0				2	False	0.1019	0.0931	0.2868	0.1256	0.0	0.0014	0.0054	0.3713	0.0143										NB	0.673	LP	0.395
(^^)	NB	0.4472	2		0				3	False	0.1012	0.1201	0.189	0.1314	0.0	0.0	0.0	0.4472	0.0111										NB	0.829	LP	0.326
(^_-)	LN	0.4291	2		0				2	False	0.2231	0.0781	0.1133	0.0898	0.0053	0.0064	0.4291	0.032	0.0229										LN	0.854	HP-D	0.379
(^_^)	NP	0.3401	2		0				72	False	0.0605	0.1586	0.1774	0.3401	0.0	0.0	0.0	0.259	0.0044										NB	0.452	LP	0.352
(^_^;)	HB	0.4512	2		0				6	False	0.1758	0.0143	0.0429	0.0429	0.015	0.1602	0.0324	0.0655	0.4512										HB	0.588	HB	0.314
(^_~)	HP-D	0.5911	2		0				1	False	0.5911	0.1223	0.1068	0.0953	0.0023	0.0023	0.0023	0.0658	0.0117										HP-D	0.83	HP-D	0.352
(^_−)	HP-D	0.4698	2		0				4	False	0.4698	0.0995	0.1007	0.2611	0.0045	0.0022	0.0022	0.0488	0.0112										HP-D	0.56	HP-D	0.379
(^o^)	HP-S	0.3661	2	HP-S	8	0.2962	0.5727	True	18	True	0.2276	0.3661	0.0854	0.2069	0.0031	0.0119	0.0025	0.0771	0.0196	0.0	1.0	0.0	0.0	0.0	0.0	0.0	0.0	0.0	HP-S	0.325	HP-S	0.407
(^o^)丿	HP-S	0.6561	2		0				2	True	0.1328	0.6561	0.0472	0.0961	0.0077	0.0372	0.0029	0.0119	0.0081										HP-S	0.911	HP-S	0.401
(^ω^)	HP-D	0.5803	2		0				2	True	0.5803	0.14	0.1519	0.0846	0.002	0.002	0.002	0.0327	0.0044										HP-D	0.941	LP	0.3
(^ω^*	HP-D	0.533	2		0				1	False	0.533	0.0929	0.2184	0.1301	0.002	0.0021	0.0025	0.0129	0.0061										HP-D	0.843	LP	0.346
(^‿^)	LP	0.3783	2		0				19	True	0.1533	0.1173	0.3783	0.2272	0.0	0.0	0.0	0.124	0.0										LP	0.395	LP	0.362
(^▽^)	HP-D	0.3356	2		0				34	True	0.3356	0.2058	0.127	0.2911	0.0	0.0	0.0	0.0359	0.0046										HP-D	0.51	HP-S	0.392
(^・ω・^)	NB	0.3707	2		0				4	False	0.1224	0.0394	0.2995	0.1347	0.0039	0.004	0.0039	0.3707	0.0216										NB	0.546	LP	0.332
(^・・)	HP-D	0.423	2		0				1	False	0.423	0.0368	0.1649	0.1001	0.0123	0.0125	0.0124	0.1757	0.0623										HP-D	0.748	LP	0.27
(__)	NB	0.317	2		0				1	False	0.0084	0.0149	0.2129	0.0757	0.0198	0.0632	0.2466	0.317	0.0415										LP	0.351	LN	0.373
(`_´)	LN	0.5028	2		0				0	False	0.0076	0.0037	0.0037	0.0037	0.3341	0.019	0.5028	0.0605	0.0648										LN	0.932	HN-D	0.667
(`ε´)	HN-D	0.7836	2		0				1	True	0.0175	0.0071	0.007	0.007	0.7836	0.0532	0.0361	0.0175	0.071										HN-D	0.994	HN-D	0.573
(`д´)	HN-D	0.7548	2		0				2	False	0.0305	0.0145	0.0038	0.0039	0.7548	0.1105	0.0325	0.0076	0.0419										HN-D	0.818	HN-D	0.692
(`⇂´)	HN-D	0.3926	2		0				1	False	0.0169	0.0187	0.009	0.0087	0.3926	0.0536	0.3824	0.0514	0.0667										LN	0.699	HN-D	0.563
(`⇧´)	HN-D	0.3389	2		0				2	False	0.2344	0.2246	0.0143	0.0478	0.3389	0.0395	0.0218	0.0213	0.0574										HP-S	0.434	HN-D	0.649
(`∀´)	HN-D	0.5629	2		0				0	False	0.2284	0.0143	0.0062	0.0095	0.5629	0.034	0.0147	0.0557	0.0742										HN-D	0.726	HN-D	0.4
(`⊿´)	HN-D	0.6865	2		0				1	False	0.0387	0.0093	0.0219	0.0059	0.6865	0.0787	0.0728	0.0353	0.0509										HN-D	0.686	HN-D	0.687
(`⌒´)	LN	0.5023	2		0				7	False	0.0146	0.004	0.0042	0.0041	0.3437	0.0406	0.5023	0.024	0.0625										LN	0.965	HN-D	0.68
(`⌒´メ)	LN	0.4943	2		0				5	False	0.0109	0.0043	0.0044	0.0044	0.4278	0.0223	0.4943	0.0087	0.0229										LN	0.963	HN-D	0.826
(`◇´)	HN-D	0.5977	2		0				1	False	0.0165	0.0124	0.0064	0.0064	0.5977	0.1575	0.1104	0.0313	0.0614										HN-D	0.701	HN-D	0.494
(`へ´)	HN-D	0.3688	2		0				0	False	0.127	0.0056	0.0583	0.0075	0.3688	0.0443	0.2	0.0882	0.1004										LN	0.297	HN-D	0.586
(`・ω・´)	HB	0.4115	2		0				2	True	0.1268	0.0434	0.0321	0.0965	0.0981	0.0313	0.0067	0.1538	0.4115										HB	0.759	NB	0.299
(`・∀・´)	HB	0.3928	2		0				0	False	0.2903	0.1258	0.0493	0.0762	0.0153	0.0052	0.0025	0.0427	0.3928										HB	0.761	HP-D	0.394
(o>ω<o)	HP-S	0.6681	2		0				1	False	0.1258	0.6681	0.1078	0.0686	0.0043	0.0064	0.0021	0.006	0.0107										HP-S	0.972	HP-S	0.365
(o^.^o)	NB	0.5214	2		0				1	False	0.0832	0.1123	0.165	0.103	0.0	0.0005	0.0043	0.5214	0.0102										NB	0.982	LP	0.327
(o^^o)	NB	0.4244	2		0				12	False	0.0976	0.119	0.2158	0.1265	0.0	0.0048	0.0	0.4244	0.012										NB	0.825	LP	0.401
(o^_^o)	NB	0.4449	2		0				8	False	0.1036	0.1218	0.1699	0.1439	0.0	0.0044	0.0007	0.4449	0.0108										NB	0.87	LP	0.337
(o^▽^o)	HP-S	0.425	2		0				3	False	0.1316	0.425	0.1198	0.2109	0.0	0.0	0.0	0.1086	0.0042										HP-S	0.491	HP-S	0.359
(o_O)	HB	0.5279	2		0				2	False	0.0093	0.0056	0.0028	0.0028	0.0213	0.3537	0.0057	0.0709	0.5279										HB	0.578	HB	0.478
(o__o)	HN-S	0.3481	2		0				1	False	0.0197	0.0037	0.0131	0.0079	0.0137	0.3481	0.0889	0.2118	0.293										HN-S	0.513	NB	0.366
(o_o)	HN-S	0.58	2		0				41	False	0.0059	0.0053	0.0132	0.0132	0.0149	0.58	0.0298	0.1862	0.1516										HN-S	0.975	NB	0.37
(o°ω°o)	HN-S	0.3749	2		0				1	False	0.0993	0.1078	0.1177	0.0589	0.0122	0.3749	0.0011	0.0825	0.1456										HN-S	0.73	LP	0.235
(~^▽^)~	HP-S	0.5054	2		0				1	False	0.1415	0.5054	0.1348	0.0925	0.0	0.0	0.0	0.1143	0.0114										HP-S	0.633	HP-S	0.378
( *▽)	HP-S	0.5529	2		0				1	False	0.0601	0.5529	0.1379	0.1409	0.0039	0.004	0.0098	0.0608	0.0296										HP-S	0.909	LP	0.276
(¬_¬)	HB	0.6053	2	HB	34	0.1416	0.7958	True	138	True	0.0058	0.0029	0.0029	0.0058	0.2153	0.0151	0.0439	0.1028	0.6053	0.1176	0.0	0.0	0.0	0.0	0.0	0.0	0.0588	0.8235	HB	0.977	HN-D	0.409
(¬_¬;)	HB	0.5947	2	HB	30	0.1825	0.7367	True	30	True	0.0	0.0	0.0	0.0	0.1724	0.1263	0.046	0.0607	0.5947	0.0667	0.0	0.0	0.0	0.0	0.0	0.0	0.0	0.9333	HB	0.947	HN-D	0.333
(¬‿¬)	HP-D	0.739	2	HP-D	91	0.0394	0.9432	True	155	True	0.739	0.0393	0.0262	0.0524	0.0262	0.0052	0.0052	0.0672	0.0393	0.7692	0.0	0.0	0.0769	0.0	0.0	0.0	0.1099	0.044	HP-D	0.996	HP-D	0.482
(¬､¬)	HP-D	0.4184	2		0				2	True	0.4184	0.0029	0.0057	0.0057	0.1599	0.0151	0.0286	0.1539	0.2098										HP-D	0.808	HN-D	0.314
(¯_¯)	HB	0.3465	2		0				1	False	0.2146	0.0031	0.0063	0.0062	0.0465	0.0157	0.139	0.2222	0.3465										HB	0.477	NB	0.34
(¯`·._.·(¯)___)	HB	0.4125	2		0				1	False	0.0728	0.0278	0.1113	0.0694	0.014	0.0139	0.0417	0.2366	0.4125										HB	0.714	NB	0.278
(¯`·._.·[=¯`·._.	HB	0.5096	2		0				1	False	0.0567	0.0375	0.1	0.075	0.0126	0.0125	0.0375	0.1586	0.5096										HB	0.919	NB	0.25
(¯`・.¸)	NB	0.3064	2		0				3	False	0.2451	0.0122	0.135	0.0734	0.0123	0.0249	0.1098	0.3064	0.081										HP-D	0.466	LP	0.268
(¯`・.｡)	NB	0.3825	2		0				1	False	0.1294	0.0084	0.0977	0.0419	0.014	0.0286	0.1528	0.3825	0.1447										NB	0.543	LN	0.306
(¯³¯)	HP-D	0.4345	2		0				1	True	0.4345	0.0156	0.1111	0.0313	0.094	0.016	0.0625	0.0987	0.1363										HP-D	0.775	LP	0.219
(¯―¯٥)	HB	0.3655	2		0				1	True	0.1673	0.0	0.0091	0.0184	0.0367	0.0573	0.2201	0.1257	0.3655										HB	0.549	LN	0.438
(¯‿¯)	HP-D	0.4667	2		0				1	True	0.4667	0.035	0.0899	0.0781	0.0292	0.0039	0.0097	0.2652	0.0222										HP-D	0.653	HP-D	0.28
(¯□¯)	HB	0.5954	2		0				1	False	0.0339	0.0058	0.0058	0.0058	0.0438	0.1597	0.0578	0.092	0.5954										HB	0.902	HN-S	0.318
(¯▽¯)	HP-D	0.3926	2		0				1	False	0.3926	0.0628	0.1336	0.0975	0.0041	0.0041	0.0102	0.2616	0.0336										HP-D	0.56	LP	0.266
(¯︵¯)	HB	0.4689	2		0				1	False	0.0401	0.0036	0.0072	0.0072	0.0913	0.0188	0.2791	0.0838	0.4689										HB	0.902	LN	0.557
(¯︿¯)	HB	0.477	2		0				3	False	0.0298	0.0032	0.0032	0.0064	0.1787	0.0169	0.2254	0.0593	0.477										HB	0.922	LN	0.449
(¯﹃¯)	HP-D	0.3867	2		0				1	True	0.3867	0.1036	0.1347	0.0888	0.0059	0.006	0.0148	0.1863	0.0732										HP-D	0.685	LP	0.266
(¯﹏¯)	HB	0.4511	2		0				1	False	0.051	0.0	0.0	0.0	0.0561	0.0435	0.3157	0.0826	0.4511										HB	0.865	LN	0.63
(°_°)	HB	0.6753	2		0				0	False	0.005	0.005	0.0126	0.0126	0.0251	0.0759	0.0377	0.1508	0.6753										HB	0.999	HB	0.352
(°_°;)	HB	0.6889	2		0				2	False	0.0056	0.0056	0.0056	0.0056	0.0141	0.1902	0.0281	0.0562	0.6889										HB	0.985	HB	0.393
(°д°)	HB	0.6115	2		0				5	False	0.0061	0.0085	0.0028	0.0028	0.0993	0.2267	0.0141	0.0283	0.6115										HB	0.912	HN-S	0.424
(°д°;)	HB	0.5816	2		0				4	False	0.0011	0.0	0.0	0.0	0.0615	0.3213	0.0172	0.0172	0.5816										HB	0.887	HN-S	0.621
(°□°)	HB	0.6419	2		0				0	False	0.0065	0.0162	0.0032	0.0032	0.0504	0.2459	0.0162	0.0162	0.6419										HB	0.992	HN-S	0.487
(°□°;)	HB	0.6552	2	HN-S	17	0.3541	0.4892	False	17	True	0.006	0.009	0.0	0.0	0.0161	0.2838	0.015	0.015	0.6552	0.0	0.0	0.0	0.0	0.0	1.0	0.0	0.0	0.0	HB	0.981	HN-S	0.551
(°△°)	HB	0.5665	2		0				0	False	0.0153	0.0305	0.0061	0.0061	0.109	0.2056	0.0152	0.0457	0.5665										HB	0.798	HN-S	0.366
(°▽°)	HP-D	0.3674	2	HP-S	6	0.2583	0.6273	False	6	True	0.3674	0.3473	0.0985	0.0894	0.002	0.0039	0.002	0.0654	0.0242	0.0	0.6667	0.0	0.3333	0.0	0.0	0.0	0.0	0.0	HP-D	0.538	HP-S	0.335
(°◇°)	HB	0.6544	2		0				6	False	0.0069	0.0155	0.0031	0.0031	0.0114	0.2435	0.0154	0.0467	0.6544										HB	0.969	HN-S	0.463
(°◇°;)	HB	0.6498	2		0				0	False	0.0041	0.0062	0.0	0.0	0.0147	0.2943	0.0153	0.0155	0.6498										HB	0.962	HN-S	0.564
(°〇°)	HB	0.6954	2	HP-S	8	0.625	0.0983	False	8	True	0.0119	0.0302	0.0032	0.0063	0.0079	0.1875	0.0095	0.0481	0.6954	0.0	1.0	0.0	0.0	0.0	0.0	0.0	0.0	0.0	HB	0.948	HB	0.443
(°ロ°)	HB	0.6284	2		0				7	True	0.0061	0.0152	0.003	0.003	0.021	0.2621	0.0152	0.0457	0.6284										HB	0.921	HN-S	0.457
(°ヮ°)	HP-D	0.3887	2		0				0	False	0.3887	0.1098	0.0954	0.0865	0.0042	0.0064	0.0038	0.1246	0.1805										HP-D	0.587	HP-S	0.21
(°ー°ll)	HB	0.6444	2		0				1	False	0.0064	0.0034	0.0069	0.0069	0.0218	0.19	0.0514	0.069	0.6444										HB	0.981	HN-S	0.377
(°ー°|||)	HB	0.6458	2		0				1	False	0.0034	0.0028	0.0028	0.0056	0.0287	0.2137	0.0556	0.0417	0.6458										HB	0.986	HN-S	0.417
(°ー°〃)	HB	0.5712	2		0				4	False	0.064	0.0139	0.0407	0.0272	0.0174	0.0979	0.0541	0.1136	0.5712										HB	0.872	HB	0.27
(°ㅂ°)	HB	0.6415	2		0				0	False	0.0169	0.0147	0.0147	0.0147	0.0303	0.0903	0.0147	0.1622	0.6415										HB	0.93	HB	0.353
(°ㅂ°;)	HB	0.6351	2		0				0	False	0.0079	0.0062	0.0061	0.0061	0.0269	0.2349	0.0307	0.0461	0.6351										HB	0.933	HN-S	0.429
(°﹏°)	HB	0.5148	2		0				0	False	0.0026	0.0026	0.0051	0.0051	0.015	0.3137	0.1148	0.0263	0.5148										HB	0.749	HN-S	0.383
(´	LN	0.3658	2		0				0	False	0.0168	0.0165	0.2153	0.13	0.016	0.0299	0.3658	0.1288	0.081										LN	0.56	NB	0.229
(´-_-`)	LN	0.702	2	LN	4	0.1164	0.8321	True	4	True	0.0065	0.0065	0.0165	0.0163	0.0566	0.0163	0.702	0.1299	0.0494	0.0	0.0	0.0	0.0	0.0	0.0	1.0	0.0	0.0	LN	0.949	LN	0.455
(´-`)	LN	0.595	2	LN	52	0.1543	0.7774	True	53	True	0.0052	0.0052	0.0906	0.0516	0.0196	0.0259	0.595	0.129	0.0779	0.0	0.0	0.0	0.0	0.0	0.0577	0.9423	0.0	0.0	LN	0.958	NB	0.258
(´-ω-`)	LN	0.709	2	LN	9	0.0727	0.8951	True	11	True	0.0065	0.0063	0.0486	0.0157	0.0158	0.0315	0.709	0.1117	0.055	0.0	0.0	0.0	0.0	0.0	0.1111	0.6667	0.2222	0.0	LN	0.946	LN	0.472
(´-﹏-`;)	LN	0.5674	2	LN	5	0.1802	0.7401	True	5	True	0.0	0.0	0.006	0.015	0.0189	0.2126	0.5674	0.0299	0.1502	0.0	0.0	0.0	0.0	0.0	0.0	1.0	0.0	0.0	LN	0.955	HN-S	0.419
(´;_;`)	LN	0.9355	2		0				0	False	0.0	0.0	0.0092	0.0	0.0094	0.0459	0.9355	0.0	0.0										LN	1.0	LN	0.872
(´;ω;`)	LN	0.9164	2	LN	42	0.0455	0.9343	True	51	True	0.0	0.0	0.0088	0.0	0.0002	0.0659	0.9164	0.0	0.0088	0.0	0.0	0.0	0.0952	0.0	0.119	0.7857	0.0	0.0	LN	0.999	LN	0.833
(´_ゝ`)	LN	0.4839	2		0				0	False	0.0905	0.0069	0.0174	0.0174	0.1045	0.0079	0.4839	0.1919	0.0796										LN	0.864	NB	0.382
(´`;ω;´)	LN	0.7639	2		0				1	False	0.0063	0.0094	0.0156	0.0094	0.0164	0.1416	0.7639	0.0063	0.0313										LN	0.997	LN	0.531
(´~`)	LN	0.6135	2		0				1	True	0.0058	0.0057	0.0146	0.0144	0.029	0.0289	0.6135	0.1293	0.1588										LN	0.997	HB	0.316
(´°̥̥̥̥̥̥	LN	0.7643	2	HN-D	3	0.18	0.7404	False	3	True	0.0032	0.0065	0.0161	0.0065	0.0167	0.1383	0.7643	0.0161	0.0323	0.0	0.0	0.0	0.0	0.3333	0.3333	0.3333	0.0	0.0	LN	0.948	LN	0.581
(´°ω°`)	HN-D	0.3514	2		0				0	False	0.0116	0.0116	0.0349	0.0233	0.3514	0.0925	0.1146	0.1047	0.2555										HN-D	0.68	HB	0.256
(´·_·`)	LN	0.6463	2	HN-S	3	0.6218	0.103	False	3	True	0.0061	0.0061	0.0152	0.0152	0.0775	0.032	0.6463	0.1222	0.0793	0.0	0.0	0.0	0.0	0.0	1.0	0.0	0.0	0.0	LN	0.835	LN	0.457
(´˘`)	LP	0.5945	2	LP	7	0.1666	0.7596	True	7	True	0.0178	0.0467	0.5945	0.2553	0.0	0.0	0.0686	0.017	0.0001	0.0	0.0	1.0	0.0	0.0	0.0	0.0	0.0	0.0	LP	0.603	LP	0.586
(´˘`∗)	LP	0.6708	2		0				0	False	0.0151	0.0442	0.6708	0.1905	0.0	0.0	0.0644	0.0149	0.0										LP	0.783	LP	0.559
(´ε`)	LP	0.4039	2		0				1	True	0.0782	0.0398	0.4039	0.1147	0.0251	0.0054	0.2772	0.042	0.0136										LN	0.528	LP	0.45
(´ε`;)	LP	0.3525	2		0				0	False	0.0103	0.0061	0.3525	0.0163	0.0347	0.1372	0.2518	0.0385	0.1525										LP	0.675	HB	0.305
(´ω`	LP	0.4483	2		0				0	False	0.0658	0.0435	0.4483	0.1268	0.0046	0.0066	0.1685	0.1148	0.0212										LP	0.527	LP	0.37
(´ω`)	LP	0.4413	2		0				78	True	0.0185	0.0408	0.4413	0.1324	0.0029	0.0028	0.2711	0.0811	0.0091										LN	0.515	LP	0.462
(´ω`♡)	LN	0.412	2	LP	4	0.135	0.8052	False	4	True	0.0168	0.0749	0.3407	0.1435	0.0022	0.0005	0.412	0.0065	0.0028	0.0	0.0	0.75	0.0	0.0	0.0	0.25	0.0	0.0	LN	0.824	LP	0.569
(´д`)	LN	0.3674	2		0				2	True	0.0065	0.0064	0.0159	0.0096	0.2865	0.1623	0.3674	0.0318	0.1137										HN-D	0.477	LN	0.35
(´д`;)	LN	0.3733	2		0				0	False	0.0062	0.0062	0.0062	0.0062	0.1607	0.2914	0.3733	0.0155	0.1342										LN	0.591	HN-S	0.484
(´ུ`っ)	LN	0.4098	2		0				1	False	0.0134	0.0267	0.2273	0.107	0.0856	0.0723	0.4098	0.0267	0.0311										LN	0.686	LP	0.455
(´‿`)	LP	0.5958	2	NP	3	0.1941	0.7199	False	3	True	0.1001	0.0833	0.5958	0.1512	0.0	0.0	0.0029	0.0666	0.0	0.0	0.0	0.3333	0.6667	0.0	0.0	0.0	0.0	0.0	LP	0.763	LP	0.429
(´∀`)	LN	0.2796	2	LP	7	0.3209	0.537	False	14	True	0.2158	0.1111	0.2181	0.1126	0.0018	0.0005	0.2796	0.0227	0.0377	0.0	0.0	0.7143	0.2857	0.0	0.0	0.0	0.0	0.0	LN	0.559	LP	0.378
(´∀`;)	LN	0.5117	2		0				0	False	0.0401	0.0556	0.0797	0.0667	0.0115	0.0668	0.5117	0.0556	0.1125										LN	0.979	HB	0.222
(´∇`)	NP	0.4416	2		0				10	False	0.0689	0.1176	0.3245	0.4416	0.001	0.0002	0.0136	0.022	0.0107										NP	0.649	LP	0.362
(´∡`✿)	LP	0.2035	2		0				1	True	0.0367	0.0598	0.2035	0.1196	0.2005	0.1547	0.0843	0.0487	0.0922										HN-D	0.392	LP	0.407
(´∩ω∩`)	LN	0.5136	2		0				1	True	0.0143	0.0565	0.2402	0.0847	0.0057	0.0424	0.5136	0.0142	0.0283										LN	0.999	LP	0.48
(´⊙ω⊙`)	HB	0.5372	2		0				0	False	0.0177	0.0278	0.0139	0.0139	0.125	0.1928	0.0161	0.0556	0.5372										HB	0.685	HB	0.389
(´□`)	HN-D	0.4741	2		0				2	False	0.0061	0.0061	0.0061	0.0061	0.4741	0.2216	0.1218	0.0153	0.1426										HN-D	0.856	HN-S	0.429
(´▽`)	NP	0.5625	2	LP	24	0.16	0.7692	False	85	True	0.0422	0.1363	0.2372	0.5625	0.0001	0.0001	0.0081	0.0131	0.0005	0.0	0.0833	0.5417	0.1667	0.0	0.0	0.0	0.2083	0.0	NP	0.905	LP	0.415
(´▽`;)	LN	0.4078	2		0				1	False	0.019	0.0395	0.0711	0.0848	0.0169	0.1033	0.4078	0.067	0.1906										LN	0.763	HB	0.263
(´▽`ʃ♡ƪ)	LP	0.547	2		0				9	False	0.0356	0.1277	0.547	0.2713	0.0	0.0001	0.0018	0.0117	0.0047										LP	0.679	LP	0.415
(´▽`っ)	NP	0.4955	2		0				3	False	0.0552	0.1013	0.2395	0.4955	0.0013	0.014	0.0492	0.0212	0.0228										NP	0.723	LP	0.439
(´▿`;)	LN	0.3519	2		0				1	False	0.0271	0.0641	0.2353	0.0868	0.0131	0.0517	0.3519	0.0668	0.1032										LN	0.678	HB	0.205
(´◕ω◕`)	LN	0.2323	2		0				0	False	0.079	0.107	0.1591	0.226	0.0178	0.0172	0.2323	0.0935	0.0682										LN	0.446	LP	0.312
(´◕‸◕`;)	LN	0.479	2		0				1	False	0.0058	0.0058	0.0145	0.0087	0.1251	0.1693	0.479	0.0291	0.1626										LN	0.755	HN-S	0.32
(´◕‿◕`)	NP	0.4543	2		0				0	False	0.0744	0.0871	0.2006	0.4543	0.0045	0.0041	0.0142	0.1485	0.0124										NP	0.665	LP	0.346
(´◕‿◕`;)	LN	0.3669	2		0				1	False	0.0283	0.0445	0.0855	0.1162	0.0504	0.0954	0.3669	0.0645	0.1483										LN	0.69	HB	0.239
(´ヘ`;)	LN	0.6165	2		0				0	False	0.0004	0.0	0.0	0.0143	0.0373	0.1149	0.6165	0.0573	0.1593										LN	0.976	HB	0.314
(´・_・`)	HB	0.3964	2	LN	32	0.2922	0.5785	False	44	True	0.0063	0.0063	0.0157	0.0157	0.144	0.0346	0.255	0.126	0.3964	0.0313	0.0	0.0	0.0	0.0	0.25	0.625	0.0938	0.0	HB	0.667	LN	0.44
(´・̥̥̥ω・̥̥	LN	0.6496	2		0				1	True	0.0039	0.0039	0.0195	0.0078	0.2106	0.0651	0.6496	0.0195	0.02										LN	0.58	LN	0.719
(´・̥̥̥ω・̥̥�	LN	0.5055	2		0				1	False	0.0065	0.0065	0.0162	0.0097	0.3032	0.1028	0.5055	0.0325	0.0171										HN-D	0.574	LN	0.597
(´・̥ω・̥`)	LN	0.8536	2	HN-S	5	0.165	0.762	False	5	True	0.0	0.0	0.0208	0.0	0.0048	0.0989	0.8536	0.0	0.0218	0.0	0.0	0.0	0.0	0.2	0.4	0.4	0.0	0.0	LN	0.916	LN	0.792
(´・ω・)	NB	0.6415	2		0				0	False	0.0128	0.0121	0.1241	0.0725	0.0054	0.0122	0.032	0.6415	0.0873										NB	0.897	NB	0.386
(´・ω・`)	HB	0.3946	2	NB	24	0.1583	0.7716	False	121	True	0.0068	0.0061	0.0763	0.0305	0.0229	0.016	0.2898	0.1569	0.3946	0.0	0.0	0.0	0.0	0.0	0.0833	0.375	0.4583	0.0833	HB	0.698	LN	0.335
(´・‿・`)	HB	0.3411	2		0				2	False	0.0404	0.0465	0.1985	0.1284	0.0039	0.0001	0.0001	0.241	0.3411										HB	0.659	LP	0.395
(´・・)	LN	0.6327	2		0				1	False	0.0073	0.0067	0.0508	0.0336	0.0175	0.0338	0.6327	0.1371	0.0805										LN	0.963	LN	0.302
(´・・・)	LN	0.5238	2		0				1	False	0.0062	0.0061	0.0457	0.0305	0.1055	0.0323	0.5238	0.1372	0.1126										LN	0.743	LN	0.305
(´・︵・`)	HN-D	0.4377	2		0				1	True	0.0041	0.0041	0.0207	0.0083	0.4377	0.0438	0.4015	0.0413	0.0384										HN-D	0.859	LN	0.702
(´・︿・`)	LN	0.4879	2		0				1	True	0.0038	0.0038	0.0192	0.0115	0.3154	0.0606	0.4879	0.0385	0.0591										HN-D	0.592	LN	0.654
(´ー`)	LN	0.4647	2		0				0	False	0.0122	0.012	0.1813	0.1316	0.007	0.0052	0.4647	0.1213	0.0647										LN	0.882	LP	0.359
(´艸`)	HP-D	0.6494	2		0				25	False	0.6494	0.1191	0.1086	0.0877	0.0043	0.0043	0.0047	0.0109	0.0109										HP-D	0.996	HP-D	0.303
(´꒳`)	LP	0.5225	2		0				0	False	0.0241	0.0286	0.5225	0.1492	0.0003	0.0001	0.2125	0.0626	0.0002										LP	0.531	LP	0.514
(´︶`)	LP	0.3172	2		0				3	True	0.0363	0.0858	0.3172	0.1378	0.0464	0.0009	0.2261	0.0525	0.0969										LN	0.452	LP	0.543
(´｡_｡`)	LN	0.7517	2		0				2	True	0.0042	0.0053	0.0398	0.0823	0.0149	0.0393	0.7517	0.0422	0.0203										LN	0.785	LN	0.719
(´｡・ω・｡`)	LP	0.4575	2	LP	9	0.1488	0.7853	True	9	True	0.0138	0.0612	0.4575	0.3267	0.0055	0.0137	0.0446	0.0552	0.0219	0.0	0.0	0.3333	0.1111	0.0	0.0	0.3333	0.1111	0.1111	LP	0.489	LP	0.426
(´｡・‿・｡`)	NP	0.4883	2	LP	38	0.2089	0.6986	False	51	True	0.0378	0.1577	0.3029	0.4883	0.0	0.0	0.0	0.0133	0.0	0.0263	0.0	0.4211	0.1842	0.0	0.0	0.2895	0.0789	0.0	NP	0.727	LP	0.475
(´｡・ﻌ・｡`)	NP	0.4288	2		0				1	False	0.0144	0.1684	0.2586	0.4288	0.0098	0.0145	0.0387	0.0537	0.0132										NP	0.61	LP	0.446
(´ｰ`)	HN-D	0.3714	2		0				0	False	0.0132	0.0117	0.1291	0.1172	0.3714	0.0086	0.1536	0.1433	0.0519										HN-D	0.733	NB	0.28
(ò_ó)	HN-D	0.7771	2		0				6	False	0.0201	0.0078	0.0039	0.0039	0.7771	0.0576	0.0194	0.0213	0.089										HN-D	0.841	HN-D	0.713
(ò皿ó)	HN-D	0.9198	2		0				1	False	0.0097	0.0044	0.0	0.0	0.9198	0.0438	0.0087	0.0	0.0136										HN-D	0.996	HN-D	0.843
(˃˂)	LN	0.3869	2		0				1	False	0.0234	0.0085	0.0038	0.0038	0.2264	0.3018	0.3869	0.0077	0.0378										LN	0.661	HN-S	0.414
(˃ˆ꒳ˆ˂)	HP-S	0.4385	2		0				1	False	0.2203	0.4385	0.1495	0.1378	0.0043	0.0039	0.0243	0.0121	0.0094										HP-S	0.614	LP	0.282
(˃ᇛ˂)	HP-S	0.4969	2		0				1	False	0.0135	0.4969	0.0061	0.0077	0.1212	0.1667	0.1515	0.0061	0.0303										HP-S	0.982	HN-S	0.333
(˃᷄⁺˂	HN-D	0.4552	2		0				1	False	0.0642	0.1315	0.0128	0.0129	0.4552	0.1529	0.119	0.0128	0.0387										HN-D	0.705	HN-S	0.282
(˃‿˂)	HP-S	0.6798	2		0				6	False	0.125	0.6798	0.1014	0.078	0.0	0.0045	0.0	0.0	0.0113										HP-S	0.977	HP-S	0.383
(˃⌑˂)	HP-S	0.4377	2		0				7	False	0.0345	0.4377	0.0074	0.008	0.116	0.2916	0.0607	0.0074	0.0368										HP-S	0.839	HN-S	0.551
(˃⌑˂ഈ)	HP-S	0.527	2		0				2	False	0.0152	0.527	0.0147	0.0089	0.045	0.2508	0.059	0.0059	0.0735										HP-S	0.995	HN-S	0.5
(˃▿˂)	HP-S	0.6848	2		0				3	False	0.1201	0.6848	0.0695	0.0886	0.0046	0.0116	0.0046	0.0046	0.0116										HP-S	0.976	HP-S	0.394
(˃꒳˂)	HP-S	0.6081	2		0				1	False	0.1968	0.6081	0.0902	0.0755	0.0049	0.005	0.0037	0.0045	0.0113										HP-S	0.856	HP-S	0.36
(ˆᴥˆ)	NB	0.3162	2		0				1	False	0.2102	0.0813	0.1782	0.1893	0.0041	0.0041	0.0062	0.3162	0.0105										NB	0.511	LP	0.344
(ˆ‿ˆ)	NB	0.3152	2		0				1	False	0.2079	0.1021	0.2261	0.1385	0.0	0.0	0.0	0.3152	0.0102										NB	0.59	LP	0.347
(ˆ‿ˆс)	HP-D	0.3014	2		0				1	False	0.3014	0.0837	0.2696	0.1282	0.0042	0.0021	0.0021	0.1983	0.0105										HP-D	0.373	LP	0.314
(ˆ‿ˆԅ)	HP-D	0.5149	2		0				6	False	0.5149	0.0874	0.2398	0.1306	0.0	0.0	0.0	0.0164	0.0109										HP-D	0.725	HP-D	0.304
(ˆ⌂ˆ)	NB	0.2913	2		0				1	False	0.0885	0.0497	0.0623	0.0476	0.149	0.0783	0.012	0.2913	0.2213										NB	0.392	HB	0.262
(ˆ⌒ˆ)	NP	0.256	2		0				1	False	0.1826	0.0738	0.2546	0.256	0.0042	0.0042	0.0063	0.2081	0.0104										NB	0.354	LP	0.325
(ˊᗜˋ)	NP	0.5246	2		0				0	False	0.0869	0.122	0.1777	0.5246	0.0	0.0	0.0	0.0888	0.0										NP	0.788	LP	0.348
(˘³˘)	LP	0.7435	2		0				73	True	0.041	0.0683	0.7435	0.1094	0.0074	0.0028	0.0083	0.0137	0.0055										LP	0.995	LP	0.492
(˘̩̩˘)	LN	0.7861	2		0				1	False	0.0037	0.0037	0.0359	0.0086	0.0248	0.0672	0.7861	0.0374	0.0325										LN	0.896	LN	0.676
(˘̩╭╭˘̩)	LN	0.8933	2		0				1	False	0.0	0.0	0.0004	0.0001	0.021	0.0637	0.8933	0.0001	0.0214										LN	0.995	LN	0.792
(˘̩╭╮˘̩)	LN	0.8773	2		0				25	True	0.0	0.0	0.0127	0.0033	0.0091	0.068	0.8773	0.0037	0.0259										LN	0.943	LN	0.812
(˘̩╭╯˘̩)	LN	0.8293	2		0				2	False	0.0	0.0	0.0283	0.0004	0.0202	0.0659	0.8293	0.0354	0.0205										LN	0.917	LN	0.742
(˘͈‿˘͈)	LP	0.7201	2		0				0	False	0.0149	0.0522	0.7201	0.1975	0.0	0.0	0.0	0.0153	0.0										LP	0.881	LP	0.559
(˘ω˘)	LP	0.7522	2	LP	3	0.0762	0.89	True	40	True	0.0142	0.0141	0.7522	0.1132	0.0	0.0	0.0141	0.0921	0.0	0.0	0.0	0.6667	0.3333	0.0	0.0	0.0	0.0	0.0	LP	0.985	LP	0.52
(˘ڡ˘)	LP	0.6936	2		0				11	False	0.0796	0.0556	0.6936	0.1569	0.0	0.0	0.0	0.014	0.0002										LP	0.987	LP	0.4
(˘‿˘)	LP	0.6314	2		0				13	False	0.0136	0.0404	0.6314	0.2432	0.0	0.0	0.0054	0.0607	0.0054										LP	0.768	LP	0.495
(˘▽˘)	LP	0.6364	2		0				82	False	0.0467	0.0652	0.6364	0.2075	0.0	0.0	0.0	0.0443	0.0										LP	0.811	LP	0.462
(˘・_・˘)	LP	0.3876	2		0				1	False	0.006	0.0033	0.3876	0.0206	0.0304	0.1277	0.2177	0.1207	0.0861										LP	0.745	LN	0.417
(˘・ω・˘)	LP	0.4922	2		0				1	False	0.0143	0.0057	0.4922	0.0489	0.0314	0.0259	0.057	0.2037	0.121										LP	0.871	NB	0.395
(˘︶˘)	LP	0.7633	2		0				1	False	0.0139	0.0139	0.7633	0.1394	0.0	0.0	0.0139	0.0556	0.0										LP	0.999	LP	0.528
(˙▂˙)	HB	0.426	2		0				1	False	0.0066	0.0065	0.0159	0.0097	0.0367	0.1177	0.1858	0.1951	0.426										HB	0.661	LN	0.35
(˙▿˙)	NB	0.5641	2		0				3	False	0.0447	0.0778	0.1783	0.1227	0.0	0.0001	0.0	0.5641	0.0122										NB	0.995	LP	0.356
(˙◁˙)	NB	0.3392	2		0				0	False	0.0062	0.006	0.0095	0.0091	0.0159	0.2297	0.059	0.3392	0.3254										NB	0.502	HN-S	0.324
(˙꒳˙)	NB	0.645	2		0				62	False	0.013	0.0129	0.1418	0.0902	0.0052	0.0055	0.0129	0.645	0.0734										NB	0.929	NB	0.361
(˜︵˜;)	HN-D	0.3738	2		0				1	False	0.0002	0.0	0.0003	0.0	0.3738	0.271	0.2097	0.0196	0.1254										HN-D	0.713	LN	0.414
(˵͡°͜ʖ͡°˵)	HP-D	0.7622	2		0				2	False	0.7622	0.0703	0.0455	0.0611	0.0063	0.0061	0.003	0.0304	0.0152										HP-D	0.979	HP-D	0.545
(˵・̀‿-˵)	HP-D	0.6678	2		0				0	False	0.6678	0.1112	0.12	0.08	0.0008	0.0	0.0	0.01	0.0101										HP-D	0.996	HP-D	0.34
(˵・̀‿・́˵)	HP-D	0.6649	2		0				3	False	0.6649	0.1215	0.0866	0.0759	0.0119	0.0043	0.0022	0.0217	0.0109										HP-D	0.992	HP-D	0.338
(˶˃‿˂˶)	NP	0.3484	2		0				0	False	0.2804	0.1828	0.1741	0.3484	0.0	0.0039	0.0	0.0007	0.0097										NP	0.541	HP-S	0.331
(˶˃‿˂˶;)	HP-D	0.5007	2		0				0	False	0.5007	0.1288	0.1066	0.0776	0.0	0.0814	0.0	0.0119	0.0931										HP-D	0.932	HP-S	0.256
(˶ˆᗜˆ˵)	HP-D	0.4996	2		0				3	False	0.4996	0.1448	0.1758	0.1634	0.0	0.0	0.0	0.0164	0.0										HP-D	0.839	LP	0.34
(˶ˆ‿ˆ˵)	HP-D	0.4483	2		0				1	False	0.4483	0.1136	0.2408	0.1727	0.0	0.0	0.0	0.0246	0.0										HP-D	0.806	LP	0.414
(˶ˆ☁ˆ˵)	LP	0.5343	2		0				4	False	0.1297	0.0819	0.5343	0.1594	0.0023	0.0024	0.0054	0.0728	0.0118										LP	0.648	LP	0.421
(˶ˆ꒳ˆ˵)	LP	0.4791	2		0				1	False	0.2102	0.1133	0.4791	0.1681	0.0	0.0	0.0	0.0293	0.0										LP	0.544	LP	0.414
(˶ᵔ‿ᵔ˶)	LP	0.7258	2		0				6	False	0.0529	0.0769	0.7258	0.1308	0.0	0.0	0.0	0.0136	0.0										LP	0.964	LP	0.487
(˶‾᷄‿‾᷅�	LP	0.4972	2		0				1	False	0.2733	0.0778	0.4972	0.0982	0.0039	0.0039	0.0058	0.0301	0.0098										LP	0.703	LP	0.292
(˶‾᷄⁻̫‾�	LP	0.6046	2		0				4	False	0.1376	0.0488	0.6046	0.0732	0.0122	0.0122	0.0122	0.0626	0.0366										LP	0.99	HP-D	0.268
(˶‾᷄ꇴ‾᷅	HP-D	0.4352	2		0				1	False	0.4352	0.105	0.2965	0.0897	0.0096	0.0101	0.0038	0.0299	0.0203										HP-D	0.584	HP-D	0.286
(˶‿☁‿˶)	LP	0.6965	2		0				1	False	0.0134	0.0236	0.6965	0.0955	0.0047	0.0118	0.0356	0.0717	0.0472										LP	0.992	LP	0.401
(˶◕‿◕˶)	LP	0.6268	2		0				0	False	0.0958	0.0936	0.6268	0.1464	0.0	0.0	0.0001	0.0372	0.0001										LP	0.812	LP	0.442
(˶・̀ω・́˵)	HP-D	0.2944	2		0				1	False	0.2944	0.1194	0.0566	0.0816	0.0683	0.0995	0.0023	0.0455	0.2325										HB	0.42	HP-D	0.353
(̄³̄)	HN-D	0.5288	2		0				1	False	0.051	0.0143	0.1289	0.0572	0.5288	0.0356	0.0858	0.0573	0.0412										HN-D	0.915	LP	0.257
(̄▽̄)	HP-D	0.6033	2		0				0	False	0.6033	0.0948	0.1123	0.1022	0.0044	0.003	0.0039	0.063	0.013										HP-D	0.904	HP-D	0.302
(̑‿̑)	LP	0.447	2		0				1	False	0.2321	0.1228	0.447	0.119	0.0	0.0	0.0	0.079	0.0001										LP	0.567	LP	0.327
(̒‿̒)	LP	0.3418	2		0				1	False	0.1543	0.091	0.3418	0.1713	0.0036	0.0054	0.0056	0.2175	0.0094										NB	0.381	LP	0.306
(̛̠̠)	HN-S	0.5335	2		0				1	False	0.0137	0.0087	0.014	0.0162	0.0635	0.5335	0.1187	0.1105	0.1212										HN-S	0.833	HN-S	0.234
(̥̤̥)	HP-S	0.3083	2		0				1	False	0.0263	0.3083	0.0336	0.13	0.0172	0.1501	0.2935	0.0237	0.0172										HP-S	0.61	LN	0.57
(̥̯̥)	LN	0.6531	2		0				1	False	0.0724	0.0179	0.0082	0.0299	0.0233	0.1531	0.6531	0.0231	0.0188										LN	0.699	LN	0.607
(͠°͟ʖ͡°)	HN-D	0.3769	2		0				2	False	0.2136	0.0152	0.0061	0.0152	0.3769	0.0164	0.0061	0.061	0.2895										HN-D	0.632	HP-D	0.427
(͡°͜ʖ͡°)	HP-D	0.8275	2		0				172	False	0.8275	0.0364	0.0189	0.0427	0.0179	0.0	0.0	0.0385	0.0182										HP-D	0.976	HP-D	0.679
(҂‿_‿)	HN-D	0.4368	2		0				0	False	0.2476	0.0055	0.0064	0.0193	0.4368	0.0842	0.123	0.0397	0.0375										HP-D	0.482	HN-D	0.545
(ू・‿・ू)	LP	0.6808	2		0				1	False	0.0566	0.0668	0.6808	0.1483	0.0001	0.0	0.0002	0.0343	0.0128										LP	0.9	LP	0.462
(୧・̀‿-)	HN-D	0.4761	2		0				0	False	0.1828	0.1063	0.0867	0.0945	0.4761	0.0251	0.0049	0.0119	0.0117										HN-D	0.943	HP-D	0.364
(ಠ_ಠ)	HN-D	0.7903	2		0				5	False	0.0066	0.0033	0.0033	0.0033	0.7903	0.0176	0.0164	0.0822	0.0769										HN-D	0.975	HN-D	0.605
(ಠʖಠ)	HN-D	0.7493	2		0				2	False	0.0149	0.003	0.003	0.0059	0.7493	0.0155	0.0148	0.0592	0.1346										HN-D	0.996	HN-D	0.503
(ಠಠ)	HN-D	0.8145	2		0				1	False	0.0075	0.0037	0.0037	0.0037	0.8145	0.0185	0.0185	0.0556	0.0743										HN-D	0.999	HN-D	0.63
(ಠ‿ಠ)	HP-D	0.5825	2		0				0	False	0.5825	0.0582	0.0274	0.0595	0.1421	0.0058	0.0054	0.074	0.0451										HP-D	0.703	HP-D	0.462
(ಠ益ಠ)	HN-D	0.8934	2		0				0	False	0.0081	0.0041	0.0041	0.0041	0.8934	0.0208	0.0122	0.0203	0.0329										HN-D	0.998	HN-D	0.789
(ಥ﹏ಥ)	LN	0.4612	2		0				30	False	0.0007	0.0166	0.0	0.0017	0.2725	0.2373	0.4612	0.0	0.0099										HN-D	0.505	LN	0.784
(ฅ́˘ฅ̀)	LP	0.5941	2		0				0	False	0.0428	0.1167	0.5941	0.1106	0.0107	0.0233	0.0364	0.044	0.0213										LP	0.827	LP	0.362
(ง'̀-'́)	HN-D	0.7854	2		0				1	False	0.1039	0.0172	0.0	0.0345	0.7854	0.018	0.0	0.0173	0.0237										HN-D	0.985	HN-D	0.586
(งᵒ̌皿ᵒ̌)	HN-D	0.8067	2		0				0	False	0.0833	0.0091	0.0	0.0004	0.8067	0.0655	0.0081	0.0002	0.0268										HN-D	0.847	HN-D	0.766
(งツ)	HN-D	0.4428	2		0				0	False	0.1915	0.1267	0.0632	0.0847	0.4428	0.0099	0.0042	0.0223	0.0547										HN-D	0.865	HP-D	0.356
(ง・_・)	HB	0.3657	2		0				0	False	0.0519	0.0152	0.0154	0.0158	0.203	0.1584	0.0152	0.1595	0.3657										HB	0.58	HN-D	0.333
(ง・̀_・́)	HN-D	0.6035	2		0				3	False	0.0566	0.0187	0.0075	0.0187	0.6035	0.1403	0.0075	0.0383	0.109										HN-D	0.573	HN-D	0.634
(ง・̀ω・́)	HB	0.3643	2		0				0	False	0.2592	0.1062	0.0113	0.0467	0.1113	0.0436	0.0045	0.053	0.3643										HB	0.683	HP-D	0.383
(ง・̀ᗜ・́)	HP-D	0.2418	2		0				0	False	0.2418	0.1608	0.0123	0.0469	0.2049	0.0721	0.0048	0.0271	0.2292										HB	0.434	HP-D	0.411
(๑><๑)	HN-S	0.6436	2		0				6	False	0.058	0.0683	0.0343	0.0171	0.0682	0.6436	0.051	0.0076	0.052										HN-S	0.913	HN-S	0.374
(๑>‿<๑)	HP-D	0.5047	2		0				6	False	0.5047	0.2208	0.1682	0.0916	0.0	0.0	0.0	0.0147	0.0										HP-D	0.754	HP-S	0.419
(๑´ڡ`๑)	LP	0.6605	2		0				1	False	0.108	0.0781	0.6605	0.1172	0.0039	0.0039	0.0039	0.0146	0.0098										LP	0.989	LP	0.332
(๑˃‿˂)	HP-S	0.4433	2	NP	5	0.4672	0.3259	False	289	True	0.2593	0.4433	0.1179	0.1532	0.0	0.0	0.0	0.0147	0.0116	0.0	0.0	0.0	1.0	0.0	0.0	0.0	0.0	0.0	HP-S	0.561	HP-S	0.326
(๑・̀⌄・́๑)	HP-D	0.4795	2		0				0	False	0.4795	0.0781	0.1381	0.1172	0.004	0.0041	0.0039	0.1585	0.0165										HP-D	0.744	LP	0.273
(๑・̀ㅁ・́๑)	HB	0.5177	2		0				25	False	0.0639	0.0449	0.015	0.0299	0.1664	0.095	0.006	0.0612	0.5177										HB	0.946	HN-D	0.329
(๑・̀ㅁ・́๑)�	HB	0.4726	2		0				1	False	0.0565	0.0385	0.0128	0.0256	0.1669	0.1398	0.0128	0.0744	0.4726										HB	0.843	HN-D	0.333
(๑・̀ㅂ・́)	HP-D	0.6068	2		0				8	False	0.6068	0.0739	0.0317	0.1056	0.0422	0.0106	0.0042	0.1014	0.0234										HP-D	0.897	HP-D	0.316
(๑・́₃・̀๑)	HB	0.463	2		0				3	False	0.0184	0.0167	0.0558	0.0167	0.1168	0.0891	0.1333	0.0903	0.463										HB	0.826	LN	0.267
(๑・﹏・)	LN	0.3108	2		0				2	False	0.009	0.0066	0.0493	0.0099	0.0165	0.1966	0.3108	0.2984	0.1029										NB	0.531	LN	0.493
(ᐛ)	HP-D	0.4737	2		0				0	False	0.4737	0.1306	0.0754	0.0963	0.0054	0.026	0.0044	0.0906	0.0977										HP-D	0.63	HP-D	0.318
(ᐢ・ᴥ・ᐢ)	LP	0.2813	2		0				1	False	0.1503	0.0841	0.2813	0.1393	0.016	0.0963	0.0077	0.1949	0.0302										HP-D	0.236	LP	0.366
(ᗒᗨᗕ)	HP-S	0.5778	2		0				0	False	0.1532	0.5778	0.0679	0.0979	0.0426	0.0383	0.0054	0.0048	0.012										HP-S	0.771	HP-S	0.385
(ᗜ)	HP-S	0.3342	2		0				1	False	0.2683	0.3342	0.1202	0.1036	0.0059	0.0093	0.0107	0.1147	0.033										HP-S	0.519	LP	0.235
(ᗜ3)	HP-D	0.3837	2		0				1	False	0.3837	0.2705	0.1457	0.1148	0.0074	0.0134	0.0042	0.039	0.0214										HP-D	0.548	LP	0.279
(ᗜ㉨)	HP-D	0.2719	2		0				1	False	0.2719	0.1191	0.1123	0.072	0.0692	0.1477	0.0131	0.1193	0.0754										HP-D	0.41	LP	0.222
(ᵏᵈ)	NB	0.3667	2		0				1	False	0.137	0.0716	0.1449	0.1258	0.0115	0.0246	0.035	0.3667	0.083										NB	0.552	LP	0.227
(ᵐᴥᵐ)	NP	0.2347	2		0				1	False	0.0627	0.1031	0.2033	0.2347	0.0342	0.0132	0.0733	0.2173	0.0581										NB	0.308	LP	0.316
(ᵐᵒᵐ)	NP	0.1954	2		0				1	False	0.0246	0.1779	0.1413	0.1954	0.033	0.1054	0.0451	0.1803	0.097										HP-S	0.284	NB	0.238
(ᵒ̯̌ᵒ̌)	HB	0.3143	2		0				1	False	0.0114	0.0192	0.0143	0.0095	0.2923	0.2516	0.0301	0.0573	0.3143										HN-D	0.556	HB	0.4
(ᵒ̌ᴥᵒ̌)	HB	0.3596	2		0				12	False	0.1155	0.051	0.0424	0.0191	0.0924	0.1472	0.042	0.1308	0.3596										HB	0.414	HB	0.306
(ᵒ̌ᵃᵒ̌)	HP-S	0.2964	2		0				4	False	0.0755	0.2964	0.0151	0.0278	0.0642	0.1887	0.0418	0.0728	0.2177										HP-S	0.537	HB	0.333
(ᵒ̌ᵏᵒ̌)	HB	0.2779	2		0				1	False	0.0669	0.0943	0.0153	0.023	0.1142	0.2636	0.0592	0.0855	0.2779										HB	0.262	HN-S	0.324
(ᵒ̌ᵐᵒ̌)	HN-S	0.2454	2		0				4	False	0.0506	0.1984	0.0173	0.0289	0.119	0.2454	0.073	0.0591	0.2083										HP-S	0.368	HN-S	0.314
(ᵒ̌ᵐ㏑)	HN-S	0.2647	2		0				2	False	0.0226	0.15	0.03	0.0695	0.1263	0.2647	0.1102	0.0894	0.1373										HP-S	0.274	HN-S	0.263
(ᵒ̌ᵔᵒ̌)	NB	0.3543	2		0				1	False	0.0978	0.1628	0.0846	0.0794	0.0208	0.0401	0.0233	0.3543	0.1368										NB	0.523	HB	0.256
(ᵒ̌ᵗᵒ̌)	HN-S	0.3489	2		0				4	False	0.0351	0.034	0.0399	0.0258	0.0964	0.3489	0.0659	0.0803	0.2737										HN-S	0.435	HB	0.289
(ᵒ̌‿ᵒ̌)	HP-S	0.3127	2		0				1	False	0.2448	0.3127	0.1351	0.1408	0.0051	0.01	0.0056	0.1137	0.0322										HP-S	0.403	LP	0.259
(ᵔ̀-̀ᵔ)	HN-S	0.3921	2		0				1	False	0.1161	0.042	0.1471	0.105	0.1044	0.3921	0.0295	0.042	0.0217										HN-S	0.772	LP	0.294
(ᵔᴥᵔ)	HP-D	0.4464	2		0				70	False	0.4464	0.0628	0.2063	0.1994	0.0	0.0	0.0	0.0738	0.0112										HP-D	0.76	LP	0.4
(ᵔᵔ)	NP	0.393	2		0				1	False	0.0948	0.2695	0.1727	0.393	0.0041	0.0041	0.0061	0.0457	0.0101										NP	0.563	LP	0.344
(ᵔ‿ᵔ)	NP	0.4696	2		0				7	False	0.2132	0.0625	0.2116	0.4696	0.0	0.0	0.0	0.0319	0.0111										NP	0.673	LP	0.4
(ᵔㅂᵔ)	NP	0.2699	2		0				8	False	0.2152	0.2496	0.2159	0.2699	0.0002	0.0	0.0001	0.0491	0.0										HP-S	0.408	LP	0.409
(ᵔㅅᵔ)	NP	0.3877	2		0				7	False	0.0693	0.2371	0.2522	0.3877	0.0004	0.0018	0.019	0.0323	0.0002										NP	0.512	LP	0.5
(ᵔㅜᵔ)	HP-S	0.4008	2		0				5	False	0.0368	0.4008	0.1239	0.1706	0.0152	0.0421	0.1553	0.0281	0.0272										HP-S	0.748	LN	0.297
(„‿‿‿„)	HP-D	0.3401	2		0				0	False	0.3401	0.0336	0.3206	0.1687	0.0052	0.0052	0.0129	0.1009	0.013										HP-D	0.603	LP	0.361
(„・֊・„)	HN-S	0.3298	2		0				0	False	0.026	0.0134	0.2023	0.0987	0.0561	0.3298	0.0387	0.1226	0.1124										HN-S	0.636	LP	0.401
(„・‿・„)	NB	0.2702	2		0				0	False	0.0724	0.0316	0.2567	0.2395	0.0052	0.0543	0.0006	0.2702	0.0695										NB	0.412	LP	0.462
(‿	LP	0.4339	2		0				1	False	0.048	0.0365	0.4339	0.2754	0.0132	0.0132	0.0263	0.1141	0.0395										LP	0.578	LP	0.289
(‿͈ˬ‿͈)	LP	0.655	2		0				0	False	0.0388	0.0519	0.655	0.2231	0.0	0.0	0.0051	0.0261	0.0										LP	0.828	LP	0.482
(‿ω‿)	LP	0.4947	2		0				2	True	0.126	0.0761	0.4947	0.2527	0.0043	0.0043	0.0064	0.025	0.0106										LP	0.657	LP	0.332
(‿‿)	NP	0.4445	2		0				1	False	0.0181	0.0145	0.221	0.4445	0.0057	0.0057	0.0431	0.2329	0.0144										NP	0.688	LP	0.316
(‿‿‿)	LP	0.401	2		0				51	True	0.0102	0.0065	0.401	0.1668	0.0157	0.0314	0.173	0.1324	0.0629										LP	0.708	LN	0.346
(‿‿‿✿)	LP	0.546	2	NP	12	0.2002	0.7111	False	13	True	0.0131	0.0254	0.546	0.1576	0.0122	0.0244	0.0854	0.0993	0.0366	0.0	0.0	0.3333	0.6667	0.0	0.0	0.0	0.0	0.0	LP	0.824	LP	0.268
(⁀˘ω˘⁀)	LP	0.4641	2		0				1	False	0.0658	0.0549	0.4641	0.1973	0.0008	0.0009	0.0382	0.1748	0.0033										LP	0.415	LP	0.514
(⁀ᗜ⁀)	NP	0.3166	2		0				25	False	0.2415	0.1957	0.1715	0.3166	0.0001	0.0004	0.0003	0.0687	0.0051										NP	0.417	LP	0.307
(⁀✰)	NB	0.3483	2		0				1	False	0.1428	0.1127	0.1103	0.159	0.0128	0.0403	0.0302	0.3483	0.0437										NB	0.577	HP-D	0.22
(⁄	HP-D	0.4704	2		0				35	False	0.4704	0.0564	0.1326	0.0879	0.0187	0.0793	0.0264	0.0482	0.0801										HP-D	0.869	LP	0.262
(⁄⁀)	LN	0.2476	2		0				1	False	0.2214	0.0233	0.1284	0.0804	0.0416	0.0694	0.2476	0.0912	0.0967										LN	0.382	LP	0.25
(⁄⁂⁄)	HP-D	0.4158	2		0				3	False	0.4158	0.1049	0.1297	0.0913	0.0142	0.1467	0.0175	0.0233	0.0565										HP-D	0.762	LP	0.256
(⁄⁄・⁄ω⁄・⁄)	LN	0.5124	2		0				1	False	0.0128	0.0888	0.1904	0.0762	0.0051	0.0637	0.5124	0.0127	0.0381										LN	0.999	LP	0.381
(⁄⁄・⁄ω⁄・⁄⁄)	LN	0.5116	2		0				0	False	0.0138	0.0922	0.1842	0.0791	0.0	0.0663	0.5116	0.0132	0.0395										LN	0.997	LP	0.368
(⁄⁄・⁄ω・⁄)	LN	0.4999	2		0				1	False	0.0223	0.1	0.1889	0.0889	0.0	0.0556	0.4999	0.0111	0.0333										LN	1.0	LP	0.378
(⁄⁄・⁄ω・⁄⁄)	LN	0.5059	2		0				1	False	0.0133	0.0855	0.2073	0.0977	0.0049	0.0366	0.5059	0.0244	0.0244										LN	0.997	LP	0.415
(⁄◕‿◕⁄)	NP	0.4091	2		0				1	False	0.2201	0.1226	0.2031	0.4091	0.0001	0.005	0.0018	0.0198	0.0185										NP	0.607	LP	0.359
(⁎˃ᆺ˂)	HP-S	0.3049	2		0				2	False	0.1324	0.3049	0.0577	0.2232	0.1801	0.0416	0.0075	0.0278	0.0249										NP	0.374	HP-S	0.411
(⁎˃‿˂⁎)	NP	0.4698	2		0				7	False	0.0997	0.234	0.1449	0.4698	0.0	0.0102	0.0	0.0209	0.0204										NP	0.776	HP-S	0.347
(⁎˃ꇴ˂⁎)	NP	0.3847	2		0				2	False	0.1487	0.3321	0.051	0.3847	0.0428	0.0197	0.0025	0.0061	0.0124										NP	0.623	HP-S	0.415
(⁎‿‿‿⁎)	LP	0.6641	2		0				6	False	0.0327	0.0431	0.6641	0.11	0.0043	0.0108	0.028	0.0962	0.0108										LP	0.962	LP	0.366
(⁎⁍̛‿⁍�	HN-D	0.3959	2		0				1	False	0.1612	0.1132	0.131	0.073	0.3959	0.0267	0.0112	0.0539	0.0338										HN-D	0.784	HP-D	0.321
(⇀‸↼‶)	HN-D	0.4364	2		0				0	False	0.0292	0.0056	0.0056	0.0084	0.4364	0.0502	0.0466	0.1033	0.3149										HN-D	0.461	HN-D	0.412
(∀)	HP-D	0.5052	2		0				1	False	0.5052	0.0799	0.0645	0.0552	0.0128	0.0128	0.0128	0.1541	0.1026										HP-D	0.934	NB	0.308
(≖_≖)	HB	0.5785	2		0				1	True	0.1151	0.005	0.0075	0.0125	0.1397	0.0148	0.0254	0.1015	0.5785										HB	0.882	HB	0.275
(≖͞_≖̥)	HP-D	0.5332	2		0				1	True	0.5332	0.0055	0.0056	0.0082	0.1514	0.0276	0.0551	0.1244	0.0891										HP-D	0.984	HN-D	0.302
(≖‿≖)	HP-D	0.7059	2		0				3	False	0.7059	0.0368	0.0492	0.0613	0.0123	0.0049	0.0049	0.1001	0.0247										HP-D	0.995	HP-D	0.417
(≖‿≖✿)	HP-D	0.6825	2	HP-D	3	0.1251	0.8195	True	3	True	0.6825	0.0373	0.1028	0.0498	0.0124	0.005	0.005	0.0801	0.0251	1.0	0.0	0.0	0.0	0.0	0.0	0.0	0.0	0.0	HP-D	0.957	HP-D	0.408
(≧^O^≦)	HP-S	0.5857	2		0				1	False	0.1323	0.5857	0.0526	0.0838	0.1455	0.0	0.0	0.0	0.0										HP-S	0.698	HP-S	0.474
(≧ω≦)	HP-S	0.6162	2		0				15	False	0.216	0.6162	0.0711	0.0744	0.0023	0.0047	0.0023	0.0059	0.007										HP-S	0.835	HP-S	0.397
(≧д≦)	HN-D	0.6973	2		0				1	False	0.0066	0.0256	0.0032	0.0032	0.6973	0.1833	0.0325	0.0065	0.0417										HN-D	0.94	HN-D	0.455
(≧‿≦)	HP-S	0.6079	2	HP-S	6	0.0328	0.9527	True	174	True	0.1396	0.6079	0.0906	0.1616	0.0	0.0	0.0	0.0003	0.0	0.1667	0.6667	0.0	0.1667	0.0	0.0	0.0	0.0	0.0	HP-S	0.801	HP-S	0.415
(≧∇≦)	HP-S	0.7475	2		0				6	True	0.1538	0.7475	0.0417	0.0571	0.0	0.0	0.0	0.0	0.0										HP-S	0.995	HP-S	0.5
(≧▽≦)	HP-S	0.7364	2	HP-D	27	0.153	0.7793	False	150	True	0.1458	0.7364	0.0391	0.0787	0.0	0.0	0.0	0.0	0.0	0.6296	0.3704	0.0	0.0	0.0	0.0	0.0	0.0	0.0	HP-S	0.994	HP-S	0.479
(≧▽≦*)o	HP-S	0.7102	2		0				4	False	0.1555	0.7102	0.0488	0.0824	0.0027	0.0004	0.0	0.0	0.0001										HP-S	0.957	HP-S	0.463
(≧︿≦)	HN-D	0.655	2		0				1	False	0.0	0.0	0.0	0.0	0.655	0.172	0.1429	0.0	0.0301										HN-D	0.996	HN-S	0.343
(⊃・▽・)	LP	0.3427	2		0				1	False	0.2243	0.1975	0.3427	0.1927	0.0	0.0	0.0	0.0307	0.0121										LP	0.495	HP-S	0.333
(⊃｡・́‿・̀｡)	HP-S	0.4279	2		0				4	False	0.1223	0.4279	0.1836	0.1925	0.0087	0.0076	0.036	0.0107	0.0108										HP-S	0.627	LP	0.354
(⊙'‿'⊙)	NB	0.4791	2		0				1	False	0.1114	0.114	0.1328	0.0886	0.0038	0.0095	0.0038	0.4791	0.0569										NB	0.863	LP	0.265
(⊙^▽^⊙)	HP-S	0.2902	2		0				1	False	0.1998	0.2902	0.066	0.1391	0.0	0.0111	0.0	0.2607	0.0331										NB	0.5	HP-S	0.37
(⊙_⊙)	HB	0.6454	2		0				486	False	0.0055	0.0055	0.0055	0.0055	0.0162	0.1932	0.0137	0.1097	0.6454										HB	0.908	HB	0.383
(⊙_⊙;)	HB	0.5622	2	HB	8	0.1828	0.7362	True	29	True	0.0028	0.0056	0.0028	0.0028	0.0151	0.3672	0.0139	0.0278	0.5622	0.0	0.0	0.0	0.0	0.0	0.0	0.0	0.0	1.0	HB	0.735	HN-S	0.472
(⊙_◎)	HB	0.7348	2		0				3	False	0.0061	0.006	0.003	0.003	0.0167	0.169	0.0151	0.0464	0.7348										HB	0.988	HB	0.482
(⊙_☉)	HB	0.7157	2	HB	5	0.1557	0.7753	True	5	True	0.0059	0.0058	0.0029	0.0029	0.016	0.1628	0.0146	0.0734	0.7157	0.2	0.0	0.0	0.0	0.0	0.0	0.0	0.0	0.8	HB	0.993	HB	0.439
(⊙_☉;)	HB	0.6892	2		0				5	False	0.003	0.003	0.0	0.0	0.0181	0.2418	0.015	0.0299	0.6892										HB	0.959	HN-S	0.449
(⊙o⊙)	HP-S	0.3718	2		0				1	False	0.0344	0.3718	0.0057	0.006	0.0152	0.1899	0.0057	0.0622	0.3091										HP-S	0.658	HB	0.398
(⊙´ ω `⊙)	HN-S	0.4796	2		0				1	False	0.0364	0.0858	0.1311	0.0562	0.0038	0.4796	0.0242	0.0661	0.1168										HN-S	0.903	LP	0.262
(⊙´∀`⊙)	HP-S	0.4898	2		0				2	True	0.2281	0.4898	0.1059	0.1032	0.0	0.0148	0.0	0.0172	0.0409										HP-S	0.653	HP-S	0.327
(⊙´□`⊙)	HN-S	0.7453	2		0				3	False	0.0085	0.017	0.0032	0.0033	0.0166	0.7453	0.0164	0.0163	0.1735										HN-S	0.939	HN-S	0.552
(⊙ˊωˋ⊙)	NB	0.47	2		0				1	False	0.0789	0.0867	0.0993	0.0556	0.0036	0.0665	0.009	0.47	0.1304										NB	0.85	HB	0.217
(⊙ˊᵔ⊙ˋ)	NB	0.4356	2		0				1	False	0.1164	0.0811	0.1117	0.0889	0.0041	0.048	0.0101	0.4356	0.1042										NB	0.75	LP	0.223
(⊙ω⊙)	HP-D	0.4875	2		0				0	False	0.4875	0.0817	0.0456	0.024	0.0114	0.0694	0.0114	0.1251	0.1439										HP-D	0.907	HB	0.273
(⊙ᗜ⊙)	HP-S	0.5245	2		0				1	False	0.1751	0.5245	0.0365	0.037	0.0037	0.0457	0.0037	0.0734	0.1005										HP-S	0.83	HP-S	0.219
(⊙′ω`-)	HN-D	0.2474	2		0				1	False	0.0646	0.0314	0.1071	0.0715	0.2474	0.1854	0.0477	0.0956	0.1492										HN-D	0.471	LP	0.214
(⊙‿⊙)	HP-D	0.4771	2		0				0	False	0.4771	0.0893	0.095	0.0774	0.0042	0.0211	0.0105	0.1406	0.0846										HP-D	0.891	NB	0.253
(⊙⊃□⊂)	HB	0.4968	2		0				1	False	0.0185	0.0287	0.0057	0.0057	0.1168	0.2989	0.0144	0.0144	0.4968										HB	0.764	HN-S	0.431
(⊙⊙)	HN-S	0.4304	2		0				1	False	0.0217	0.0656	0.0128	0.0128	0.015	0.4304	0.0128	0.1027	0.3262										HN-S	0.604	HB	0.359
(⊙⊙⊙⊙⊙⊙⊙⊙⊙⊙⊙⊙⊙⊙⊙	HB	0.5282	2		0				1	False	0.0329	0.0134	0.0053	0.0053	0.0135	0.3352	0.0132	0.0529	0.5282										HB	0.66	HB	0.397
(⊙⌒∇⌒⊙)ゝ	HN-S	0.4706	2		0				1	False	0.1227	0.1497	0.0641	0.0855	0.0063	0.4706	0.0043	0.0214	0.0754										HN-S	0.92	HP-S	0.299
(⊙▽⊙)	HP-D	0.388	2		0				2	False	0.388	0.1945	0.0116	0.0155	0.0116	0.1283	0.0116	0.0686	0.1702										HP-D	0.706	HB	0.326
(⊙◞⊙)	HN-S	0.4208	2		0				5	False	0.0168	0.0303	0.0152	0.0152	0.0165	0.4208	0.0152	0.1061	0.3639										HN-S	0.69	HB	0.424
(⊙〇⊙)	HP-S	0.3209	2		0				1	False	0.0945	0.3209	0.0033	0.0036	0.0069	0.2484	0.0065	0.041	0.2748										HP-S	0.609	HN-S	0.458
(⊙ヮ⊙)	HP-D	0.4141	2		0				0	False	0.4141	0.2381	0.0301	0.0418	0.0041	0.0723	0.004	0.0663	0.1292										HP-D	0.708	HB	0.241
(⊙﹏⊙)	HN-S	0.7003	2		0				40	False	0.0012	0.0001	0.0	0.0	0.0227	0.7003	0.0455	0.0152	0.215										HN-S	0.855	HN-S	0.545
(⊙�	HN-S	0.3041	2		0				1	False	0.2317	0.0244	0.009	0.0093	0.0371	0.3041	0.0301	0.0684	0.2858										HP-D	0.433	HN-S	0.361
(⊡-⊡)	NB	0.3946	2		0				0	False	0.1397	0.0091	0.016	0.015	0.0275	0.052	0.0149	0.3946	0.3313										NB	0.373	NB	0.417
(⌐■_ω■)	HP-D	0.5012	2		0				0	False	0.5012	0.039	0.026	0.0651	0.0258	0.0052	0.0052	0.319	0.0135										HP-D	0.564	HP-D	0.438
(⌐■_■)	HP-D	0.4692	2		0				24	False	0.4692	0.0489	0.0367	0.0723	0.0239	0.0048	0.0048	0.3269	0.0125										HP-D	0.532	HP-D	0.407
(⌐■‿■)	HP-D	0.5818	2		0				0	False	0.5818	0.0672	0.0397	0.0779	0.0129	0.0026	0.0026	0.2023	0.013										HP-D	0.689	HP-D	0.474
(⌒_⌒;)	HB	0.4105	2	HP-D	3	0.6762	0.0244	False	11	True	0.0054	0.0054	0.0136	0.0136	0.0406	0.1879	0.2686	0.0544	0.4105	1.0	0.0	0.0	0.0	0.0	0.0	0.0	0.0	0.0	LN	0.456	HB	0.38
(⌒‿⌒)	NB	0.4339	2		0				32	True	0.0873	0.1115	0.2176	0.1496	0.0	0.0	0.0	0.4339	0.0										NB	0.823	LP	0.4
(⌒▽⌒)	NB	0.2763	2		0				45	True	0.2189	0.1751	0.1264	0.1916	0.002	0.002	0.002	0.2763	0.0059										NB	0.533	HP-S	0.332
(⌓・ᴥ・⌓)	LN	0.5772	2		0				1	False	0.0058	0.0058	0.0147	0.0087	0.0154	0.2115	0.5772	0.0437	0.117										LN	0.98	HN-S	0.407
(⌛)	NB	0.6085	2		0				2	False	0.0208	0.0132	0.0323	0.0264	0.0273	0.0853	0.0803	0.6085	0.106										NB	0.954	NB	0.263
(⌨)	LP	0.284	2		0				1	False	0.0963	0.033	0.284	0.0509	0.0437	0.1306	0.0185	0.26	0.0829										LP	0.471	NB	0.452
(⌯˃᷄	HP-D	0.2995	2		0				8	False	0.2995	0.1166	0.1239	0.0751	0.0228	0.1059	0.1186	0.0561	0.0814										HP-D	0.518	LP	0.243
(⏰)	NB	0.6428	2		0				1	False	0.0256	0.0156	0.0181	0.0156	0.0317	0.1255	0.0156	0.6428	0.1094										NB	0.973	NB	0.312
(─‿‿─)	LP	0.3784	2		0				0	False	0.1723	0.0456	0.3784	0.1645	0.0	0.0	0.0001	0.228	0.0112										LP	0.366	LP	0.391
(┛▧益▧)	HN-D	0.8854	2		0				1	False	0.0081	0.0041	0.0	0.0	0.8854	0.066	0.0081	0.0081	0.0203										HN-D	0.989	HN-D	0.782
(╥_╥)	LN	0.9192	2		0				55	True	0.0	0.0	0.0	0.0	0.0142	0.0666	0.9192	0.0	0.0										LN	0.988	LN	0.851
(╥_﹏)	LN	0.7946	2		0				2	False	0.0035	0.0036	0.0071	0.0037	0.0225	0.1403	0.7946	0.007	0.0177										LN	0.955	LN	0.634
(╥╯﹏╰╥)	HP-S	0.4488	2		0				1	False	0.0	0.4488	0.0006	0.0173	0.0235	0.158	0.3345	0.0	0.0172										HP-S	0.898	LN	0.621
(╥﹏╥	LN	0.8283	2		0				2	False	0.0001	0.0061	0.0	0.0026	0.0417	0.1211	0.8283	0.0	0.0001										LN	0.897	LN	0.76
(╥﹏╥)	LN	0.8082	2	HN-S	13	0.4616	0.3341	False	104	True	0.0001	0.0061	0.0	0.0026	0.0292	0.1536	0.8082	0.0	0.0001	0.0	0.0769	0.0	0.0	0.0	0.9231	0.0	0.0	0.0	LN	0.897	LN	0.72
(╬	HN-D	0.903	2		0				1	True	0.0	0.0	0.0	0.0	0.903	0.0662	0.0088	0.0	0.022										HN-D	0.999	HN-D	0.807
(╬Ò﹏Ó)	HN-D	0.8	2	HN-D	46	0.0823	0.8813	True	46	True	0.0033	0.0033	0.0033	0.0033	0.8	0.115	0.049	0.0065	0.0163	0.0	0.0	0.0	0.0	0.587	0.413	0.0	0.0	0.0	HN-D	0.999	HN-D	0.601
(╬ಠ益ಠ)	HN-D	0.9666	2	HN-D	56	0.0089	0.9872	True	56	True	0.0	0.0	0.0	0.0	0.9666	0.0239	0.0	0.0	0.0095	0.0	0.0	0.0	0.0	0.9286	0.0179	0.0	0.0	0.0536	HN-D	1.0	HN-D	0.933
(╬⊙△⊙)	HN-D	0.7408	2		0				1	True	0.0061	0.0031	0.0	0.0	0.7408	0.1882	0.0061	0.0092	0.0464										HN-D	0.96	HN-D	0.521
(╭ರ_・́)	HP-S	0.3969	2		0				0	False	0.0428	0.3969	0.0056	0.0107	0.3069	0.0134	0.0132	0.0922	0.1185										HP-S	0.783	HN-D	0.411
(╭☞・̀	HP-D	0.3557	2		0				0	False	0.3557	0.2619	0.0519	0.1191	0.0756	0.005	0.0046	0.0999	0.0262										HP-S	0.387	HP-D	0.388
(╭☞・́⍛・̀)	HN-D	0.4435	2		0				0	False	0.2122	0.0493	0.0171	0.0513	0.4435	0.0153	0.0046	0.0932	0.1136										HN-D	0.841	HP-D	0.392
(╯°□°	HN-D	0.7745	2		0				2	False	0.0151	0.0068	0.003	0.003	0.7745	0.1216	0.0151	0.0151	0.0459										HN-D	0.995	HN-D	0.554
(╯°□°)	HN-D	0.7611	2	HN-D	90	0.1078	0.8445	True	605	True	0.0144	0.0062	0.0029	0.0029	0.7611	0.1294	0.0057	0.0057	0.0719	0.0	0.0	0.0	0.0778	0.3778	0.3556	0.0	0.0	0.1889	HN-D	0.996	HN-D	0.526
(╯ↀ╰)	LN	0.3783	2		0				1	False	0.131	0.0238	0.0833	0.0595	0.1629	0.0181	0.3783	0.0952	0.0477										LN	0.709	HP-D	0.262
(╯▽╰)	HP-D	0.2888	2		0				0	False	0.2888	0.2083	0.0158	0.0277	0.0315	0.0629	0.2202	0.0504	0.0944										HP-D	0.565	LN	0.44
(╯✧∇✧)	HP-S	0.6853	2		0				0	False	0.1728	0.6853	0.0452	0.0695	0.0045	0.0045	0.0023	0.0047	0.0113										HP-S	0.988	HP-S	0.383
(╯✧╰)	HP-S	0.5922	2		0				1	False	0.0428	0.5922	0.153	0.0869	0.0139	0.0139	0.0278	0.0418	0.0278										HP-S	0.99	LP	0.306
(╯✧╰╯)	HP-S	0.5745	2		0				1	False	0.0465	0.5745	0.1279	0.0934	0.0168	0.013	0.0233	0.0581	0.0465										HP-S	0.986	LP	0.256
(╯✧▽✧)	HP-S	0.6957	2		0				5	False	0.1699	0.6957	0.0477	0.0746	0.0	0.0	0.0	0.0001	0.0119										HP-S	0.987	HP-S	0.405
(╯︵╰,)	LN	0.8712	2		0				1	True	0.0	0.0	0.0	0.0	0.0345	0.0854	0.8712	0.0	0.0088										LN	0.909	LN	0.833
(╲︿╱')	LN	0.2214	2		0				1	False	0.0264	0.1019	0.0923	0.189	0.0929	0.1938	0.2214	0.0207	0.0616										NP	0.372	LN	0.437
(╹ω╹)	NB	0.3212	2		0				0	False	0.2558	0.082	0.1604	0.1226	0.0046	0.0056	0.0041	0.3212	0.0438										NB	0.523	LP	0.319
(╹‿╹)	HP-D	0.3486	2		0				3	False	0.3486	0.0825	0.1779	0.1627	0.0041	0.002	0.0041	0.2077	0.0103										HP-D	0.554	LP	0.347
(╹▽╹)	NP	0.2583	2		0				1	False	0.2505	0.2326	0.1468	0.2583	0.0	0.0	0.0	0.1015	0.0103										NP	0.324	LP	0.288
(╹ェ╹)	NB	0.2447	2		0				0	False	0.2058	0.0278	0.0963	0.0706	0.0652	0.0616	0.0116	0.2447	0.2164										HP-D	0.329	NB	0.385
(╹ヮ╹)	HP-D	0.5208	2		0				0	False	0.5208	0.1502	0.1079	0.1032	0.0048	0.0049	0.002	0.0679	0.0384										HP-D	0.845	HP-S	0.275
(▰˘‿˘▰)	LP	0.2778	2		0				0	False	0.1336	0.1509	0.2778	0.232	0.0054	0.0341	0.0139	0.1462	0.0061										NB	0.245	LP	0.434
(▼_▼)	HN-S	0.2746	2		0				1	False	0.0221	0.0066	0.0066	0.0067	0.2053	0.2746	0.0922	0.1506	0.2352										HN-S	0.516	HN-D	0.364
(▽▽)	NB	0.2349	2		0				1	False	0.1196	0.1433	0.0624	0.204	0.0333	0.0335	0.1	0.2349	0.069										NP	0.341	NB	0.3
(○_○)	HB	0.6003	2		0				0	False	0.006	0.0059	0.0148	0.0148	0.0181	0.1342	0.0298	0.1761	0.6003										HB	0.905	NB	0.325
(○´∀`○)	NP	0.2464	2		0				0	False	0.1201	0.219	0.2381	0.2464	0.0	0.0007	0.0006	0.1744	0.0007										NB	0.349	HP-S	0.395
(◎_◎;)	HB	0.4673	2		0				2	True	0.0029	0.0029	0.0029	0.0057	0.0164	0.4306	0.0286	0.0429	0.4673										HB	0.62	HN-S	0.486
(◕.◕)	HB	0.3503	2		0				0	False	0.0355	0.0592	0.1371	0.0844	0.0054	0.1616	0.014	0.1524	0.3503										HB	0.606	LP	0.259
(◕_◕)	HB	0.531	2		0				2	True	0.015	0.015	0.0599	0.0449	0.007	0.0406	0.0306	0.256	0.531										HB	0.912	NB	0.509
(◕o◕)	HB	0.3435	2		0				1	False	0.0339	0.0588	0.1014	0.0679	0.0073	0.2609	0.0121	0.114	0.3435										HB	0.507	NB	0.225
(◕ω◕)	NB	0.3246	2		0				0	False	0.1438	0.0962	0.2204	0.1319	0.0021	0.0051	0.0046	0.3246	0.0713										NB	0.565	LP	0.357
(◕ω◕✨)	HP-S	0.2755	2		0				0	False	0.2434	0.2755	0.1716	0.1768	0.0001	0.0036	0.0006	0.0159	0.1124										HP-D	0.248	HP-S	0.304
(◕ω◕✿)	HB	0.4834	2		0				0	False	0.0694	0.0924	0.191	0.1114	0.0041	0.0122	0.0032	0.033	0.4834										HB	0.945	LP	0.373
(◕‿◕)	NB	0.4559	2	NP	72	0.1211	0.8253	False	133	True	0.0502	0.0794	0.2169	0.1932	0.0	0.0	0.0	0.4559	0.0044	0.0278	0.2639	0.2083	0.4167	0.0	0.0	0.0	0.0833	0.0	NB	0.802	LP	0.396
(◕‿◕✊)	HP-S	0.3951	2		0				1	False	0.1082	0.3951	0.0972	0.2727	0.0186	0.01	0.0093	0.0649	0.0239										HP-S	0.624	NP	0.222
(◕‿◕✌)	NP	0.4134	2		0				2	False	0.168	0.113	0.2578	0.4134	0.0	0.0	0.0	0.0368	0.011										NP	0.653	HP-D	0.304
(◕‿◕✨)	HP-S	0.4123	2		0				0	False	0.1025	0.4123	0.1669	0.3046	0.0	0.0	0.0	0.0135	0.0003										HP-S	0.585	LP	0.326
(◕‿◕✿)	NP	0.4681	2	NP	25	0.078	0.8875	True	257	True	0.0511	0.1598	0.284	0.4681	0.0	0.0	0.0	0.0365	0.0004	0.16	0.0	0.36	0.4	0.0	0.0	0.0	0.08	0.0	NP	0.677	LP	0.434
(◕‿◕｡)	LP	0.3268	2	NP	3	0.2059	0.703	False	4	True	0.044	0.096	0.3268	0.2348	0.0	0.0001	0.0008	0.2666	0.031	0.0	0.0	0.3333	0.6667	0.0	0.0	0.0	0.0	0.0	NB	0.437	LP	0.435
(◕‿◕�	NP	0.4987	2		0				10	False	0.0687	0.1195	0.2252	0.4987	0.0	0.0	0.0	0.0683	0.0195										NP	0.747	LP	0.354
(◕▽◕)	NP	0.3841	2		0				0	False	0.0904	0.35	0.1304	0.3841	0.0	0.0	0.0	0.0342	0.0109										NP	0.555	HP-S	0.298
(◕▿◕✿)	HP-S	0.4454	2		0				0	False	0.0598	0.4454	0.2236	0.2202	0.0	0.0008	0.0003	0.0342	0.0157										HP-S	0.732	LP	0.409
(◕ヮ◕)	HP-S	0.3864	2		0				0	False	0.1035	0.3864	0.1453	0.2519	0.0002	0.0104	0.0017	0.049	0.0515										HP-S	0.487	HP-S	0.286
(◜‿◝)	LP	0.3367	2		0				0	False	0.136	0.0609	0.3367	0.2791	0.0	0.0	0.0001	0.1763	0.0109										NP	0.341	LP	0.348
(◞‸◟)	LN	0.9513	2		0				1	True	0.0	0.0	0.0	0.0001	0.0002	0.0244	0.9513	0.0239	0.0001										LN	0.998	LN	0.905
(◞‸◟;)	LN	0.8769	2		0				0	False	0.0	0.0	0.0	0.0	0.0105	0.0692	0.8769	0.021	0.0223										LN	0.981	LN	0.773
(◞‸◟ㆀ)	LN	0.7776	2		0				0	False	0.0002	0.0004	0.0009	0.0038	0.0577	0.1053	0.7776	0.0212	0.0329										LN	0.764	LN	0.792
(◞‿◟)	LP	0.4307	2		0				0	False	0.0156	0.0134	0.4307	0.1846	0.0132	0.0132	0.092	0.1979	0.0395										LP	0.572	LP	0.289
(◞‿◟｡)	LN	0.3624	2		0				2	True	0.0144	0.0349	0.2888	0.1866	0.0139	0.0139	0.3624	0.0573	0.0278										LN	0.503	LP	0.306
(◞◟ㆀ)	LP	0.4033	2		0				0	False	0.004	0.0033	0.4033	0.0245	0.0189	0.1171	0.3548	0.0242	0.0499										LP	0.793	LN	0.563
(◠‿◠)	LP	0.348	2		0				5	True	0.0509	0.0615	0.348	0.2657	0.0	0.0	0.0	0.2691	0.0048										NB	0.466	LP	0.435
(◠‿◠✿)	NP	0.5236	2		0				0	False	0.0503	0.0847	0.3095	0.5236	0.0	0.0	0.0	0.0318	0.0										NP	0.791	LP	0.487
(◠‿・)	NB	0.3316	2		0				0	False	0.183	0.0752	0.2104	0.1879	0.0	0.0	0.0	0.3316	0.0119										NB	0.639	HP-D	0.357
(◠﹏◠)	LN	0.5568	2		0				1	False	0.0133	0.0135	0.0662	0.0408	0.0607	0.1176	0.5568	0.0574	0.0736										LN	0.85	LN	0.263
(◣_◢)	HN-D	0.8514	2		0				1	False	0.0093	0.0039	0.0039	0.0039	0.8514	0.0268	0.0197	0.0592	0.0218										HN-D	0.978	HN-D	0.724
(☀´▽`)	HP-S	0.5392	2		0				1	True	0.0655	0.5392	0.1978	0.1426	0.0	0.0002	0.0	0.0544	0.0003										HP-S	0.774	LP	0.326
(☁‿☁)	LP	0.7012	2		0				2	False	0.0362	0.0477	0.7012	0.1314	0.0	0.0	0.0119	0.0478	0.0238										LP	0.998	LP	0.405
(★^O^★)	HP-S	0.7208	2		0				4	True	0.1163	0.7208	0.0698	0.0931	0.0	0.0	0.0	0.0	0.0										HP-S	1.0	HP-S	0.442
(★ω★)	HP-S	0.6764	2		0				8	False	0.1892	0.6764	0.0445	0.0676	0.0	0.0	0.0	0.0111	0.0111										HP-S	0.997	HP-D	0.378
(★‿★)	HP-S	0.6419	2		0				3	False	0.1772	0.6419	0.0626	0.0871	0.0042	0.0042	0.0021	0.0104	0.0104										HP-S	0.992	HP-D	0.354
(★≧▽^)	HP-S	0.6628	2		0				2	True	0.1977	0.6628	0.0465	0.0698	0.0	0.0	0.0	0.0116	0.0116										HP-S	1.0	HP-D	0.395
(★▽★)	HP-S	0.7135	2	HP-S	3	0.1113	0.8394	True	3	True	0.1382	0.7135	0.0628	0.0754	0.0	0.0	0.0	0.005	0.005	0.0	1.0	0.0	0.0	0.0	0.0	0.0	0.0	0.0	HP-S	1.0	HP-S	0.427
(☆▽☆)	HP-S	0.7241	2		0				2	True	0.0976	0.7241	0.0732	0.0857	0.0024	0.0024	0.0024	0.0049	0.0073										HP-S	0.999	HP-S	0.449
(☉д☉;�	HN-S	0.7264	2		0				1	False	0.006	0.006	0.003	0.003	0.0514	0.7264	0.0149	0.0149	0.1744										HN-S	0.905	HN-S	0.548
(☉‿☉)	NB	0.4807	2		0				1	False	0.0977	0.0649	0.1012	0.1431	0.0102	0.0102	0.0102	0.4807	0.0817										NB	0.737	NB	0.224
(☕~☕)	LP	0.64	2		0				1	False	0.0349	0.0457	0.64	0.1151	0.0064	0.0046	0.0114	0.1188	0.0232										LP	0.938	LP	0.342
(☕˶◕‿◕˶)	LP	0.7059	2		0				1	False	0.0446	0.0672	0.7059	0.1378	0.0	0.0	0.0	0.0445	0.0										LP	0.99	LP	0.422
(☕‿)	LP	0.639	2		0				1	False	0.0998	0.0536	0.639	0.1079	0.0036	0.0018	0.0036	0.0818	0.0089										LP	0.992	LP	0.286
(☕‿‿‿)	LP	0.6288	2		0				2	False	0.0118	0.0118	0.6288	0.0951	0.0047	0.0118	0.0354	0.1534	0.0472										LP	0.998	NB	0.307
(☕‿☕)	LP	0.6484	2		0				4	False	0.0798	0.0528	0.6484	0.1237	0.0035	0.0035	0.0088	0.0707	0.0088										LP	0.997	LP	0.299
(☕☁)	LP	0.6896	2		0				1	False	0.0112	0.0223	0.6896	0.1116	0.0045	0.0045	0.0224	0.1116	0.0223										LP	1.0	LP	0.379
(☕✿✿☕)	LP	0.5108	2		0				1	False	0.0339	0.2294	0.5108	0.1275	0.008	0.0049	0.0068	0.0676	0.0113										LP	0.639	LP	0.383
(☕・ω・)	LP	0.3752	2		0				1	False	0.0431	0.0313	0.3752	0.102	0.2209	0.0257	0.011	0.1638	0.027										LP	0.469	NB	0.301
(☞‿☞)	HP-D	0.7656	2		0				2	False	0.7656	0.0592	0.0445	0.074	0.0059	0.003	0.003	0.0301	0.0148										HP-D	0.999	HP-D	0.533
(☞ﾟヮﾟ)	HP-S	0.4297	2		0				5	False	0.3851	0.4297	0.0477	0.096	0.0009	0.0095	0.0	0.0124	0.0186										HP-S	0.621	HP-D	0.429
(♡^▽^♡)	HP-S	0.4041	2		0				0	False	0.1067	0.4041	0.1904	0.2986	0.0	0.0	0.0	0.0002	0.0										HP-S	0.448	HP-S	0.36
(♡˃͈̑‿	HP-S	0.6286	2		0				1	True	0.0378	0.6286	0.2075	0.1017	0.0	0.0	0.0	0.0122	0.0122										HP-S	0.989	LP	0.415
(♡˙︶˙♡)	NP	0.3675	2		0				2	True	0.0193	0.2785	0.3285	0.3675	0.0	0.0	0.0	0.0062	0.0										NP	0.512	LP	0.542
(♡‿♡)	NP	0.3718	2	HP-S	10	0.1741	0.7488	False	10	True	0.0384	0.3183	0.2715	0.3718	0.0	0.0	0.0	0.0	0.0	0.0	0.8	0.0	0.2	0.0	0.0	0.0	0.0	0.0	NP	0.544	LP	0.45
(⚆_⚆)	HB	0.3824	2		0				1	False	0.0447	0.0062	0.006	0.0061	0.0971	0.3707	0.0149	0.0719	0.3824										HB	0.437	HN-S	0.446
(⚖)	NB	0.2771	2		0				1	False	0.1199	0.0684	0.1551	0.0433	0.0523	0.1577	0.0181	0.2771	0.108										HN-S	0.283	NB	0.523
(⚠)	HN-S	0.3283	2		0				4	False	0.0609	0.0084	0.0053	0.0059	0.1821	0.3283	0.0261	0.136	0.247										HN-S	0.37	HN-S	0.286
(✈)	NB	0.5864	2		0				2	False	0.092	0.045	0.0588	0.0382	0.0186	0.0296	0.0196	0.5864	0.1118										NB	0.759	NB	0.414
(✈⚡)	NB	0.3205	2		0				1	False	0.1399	0.0943	0.0233	0.0369	0.0849	0.1707	0.0115	0.3205	0.118										NB	0.505	HP-S	0.182
(✌)	HP-D	0.4352	2		0				1	False	0.4352	0.1116	0.1389	0.1006	0.004	0.0043	0.004	0.1913	0.0101										HP-D	0.591	HP-D	0.279
(✦‿✦)	HP-S	0.6118	2		0				0	False	0.1301	0.6118	0.1241	0.0853	0.0041	0.0041	0.0041	0.0262	0.0102										HP-S	0.939	HP-S	0.285
(✧)	HP-S	0.6232	2		0				1	False	0.1122	0.6232	0.0935	0.0702	0.0047	0.0116	0.0046	0.0459	0.0343										HP-S	0.972	HP-S	0.274
(✧·∀·)	HP-S	0.6187	2		0				1	False	0.1887	0.6187	0.0878	0.0826	0.0001	0.0001	0.0	0.0112	0.0109										HP-S	0.911	HP-S	0.326
(✧ω✧)	HP-S	0.5083	2		0				12	False	0.3353	0.5083	0.0755	0.0652	0.0	0.0	0.0	0.0032	0.0125										HP-S	0.592	HP-S	0.425
(✧‿✧)	HP-D	0.3567	2		0				1	False	0.3567	0.3008	0.1834	0.1207	0.0	0.0	0.0	0.0341	0.0041										HP-D	0.507	HP-S	0.351
(✧✧)	HP-S	0.6357	2		0				1	False	0.1363	0.6357	0.1056	0.0859	0.0042	0.0063	0.0042	0.0111	0.0106										HP-S	0.913	HP-S	0.359
(✧・̮・)	HP-S	0.5844	2		0				1	False	0.1333	0.5844	0.1569	0.0885	0.0	0.0	0.0	0.0263	0.0106										HP-S	0.871	HP-S	0.298
(✧・ω・✧)	HP-S	0.6272	2		0				1	False	0.1262	0.6272	0.1229	0.093	0.0041	0.0041	0.002	0.0103	0.0102										HP-S	0.969	HP-S	0.286
(✧・・)	HP-S	0.5012	2		0				1	False	0.1914	0.5012	0.1213	0.0871	0.0039	0.0064	0.0039	0.0556	0.0292										HP-S	0.769	HP-S	0.233
(✨)	NB	0.4658	2		0				8	False	0.1129	0.1679	0.1233	0.0964	0.0042	0.0046	0.0042	0.4658	0.0209										NB	0.849	HP-S	0.29
(✿^_^)	NB	0.3432	2		0				1	False	0.0671	0.1718	0.2033	0.2146	0.0	0.0	0.0	0.3432	0.0										NB	0.643	LP	0.37
(✿´◜౪◝`✿)	LN	0.4287	2		0				1	False	0.0826	0.1137	0.2536	0.1034	0.0	0.0033	0.4287	0.0106	0.0042										LN	0.857	LP	0.372
(✿˃‿˂)	HP-S	0.6077	2		0				2	False	0.1373	0.6077	0.1471	0.0785	0.0039	0.0039	0.002	0.0098	0.0098										HP-S	1.0	LP	0.294
(✿‾‾)	LP	0.332	2		0				1	False	0.0749	0.1493	0.332	0.1444	0.1229	0.0103	0.0225	0.1036	0.0402										LP	0.273	LP	0.391
(✿‿‿‿)	LP	0.5176	2		0				2	False	0.1781	0.037	0.5176	0.1323	0.0049	0.0049	0.0157	0.0947	0.0147										LP	0.619	LP	0.417
(✿‿❀)	LP	0.526	2		0				3	False	0.0754	0.0945	0.526	0.1566	0.0	0.0	0.0121	0.1353	0.0001										LP	0.602	LP	0.45
(✿‿・̀)	HP-D	0.3541	2		0				1	False	0.3541	0.1455	0.2522	0.1519	0.0049	0.0049	0.0056	0.0662	0.0147										HP-D	0.441	LP	0.34
(✿╹‿╹)	LP	0.2822	2		0				23	False	0.1071	0.2362	0.2822	0.1353	0.0	0.0	0.0	0.2286	0.0106										NB	0.415	LP	0.362
(✿▽✿)	HP-S	0.4269	2		0				1	False	0.0737	0.4269	0.2712	0.2024	0.0	0.0	0.0	0.0258	0.0										HP-S	0.593	LP	0.37
(✿◕‿◕)	HP-S	0.5191	2	NP	3	0.4629	0.3322	False	11	True	0.0349	0.5191	0.2297	0.1575	0.0	0.0	0.0	0.0473	0.0114	0.0	0.0	0.0	1.0	0.0	0.0	0.0	0.0	0.0	HP-S	0.834	LP	0.409
(✿◕‿◕✿)	HP-S	0.569	2		0				4	True	0.0354	0.569	0.2204	0.1625	0.0	0.0	0.0	0.0127	0.0										HP-S	0.882	LP	0.419
(✿◠‿◠)	LP	0.5558	2		0				153	False	0.0368	0.1419	0.5558	0.2131	0.0	0.0	0.0	0.0524	0.0										LP	0.648	LP	0.463
(✿◠‿�	LP	0.5624	2		0				2	False	0.0502	0.0994	0.5624	0.185	0.0	0.0	0.0	0.103	0.0										LP	0.675	LP	0.45
(✿・̀ㅁ・́)	HP-S	0.3303	2		0				0	False	0.042	0.3303	0.0629	0.0253	0.2984	0.0609	0.0125	0.0758	0.092										HP-S	0.561	HN-D	0.225
(✿ﾟ▽	HP-S	0.619	2		0				1	True	0.065	0.619	0.184	0.1083	0.0022	0.0022	0.0022	0.0108	0.0065										HP-S	1.0	LP	0.368
(❀‿❀)	LP	0.3452	2		0				1	False	0.063	0.3431	0.3452	0.2258	0.0	0.0	0.0	0.0226	0.0003										HP-S	0.419	LP	0.4
(❁´‿`❁)	NP	0.4184	2		0				1	False	0.0367	0.2637	0.2668	0.4184	0.0	0.0	0.0	0.0144	0.0										NP	0.568	LP	0.463
(❄)	NB	0.3475	2		0				2	False	0.0554	0.1801	0.1381	0.0638	0.0239	0.0423	0.0758	0.3475	0.0731										NB	0.392	NB	0.303
(❓)	NB	0.5037	2		0				2	False	0.0726	0.0085	0.0099	0.0091	0.0118	0.0372	0.0101	0.5037	0.3372										NB	0.806	HB	0.638
(❤)	LP	0.3603	2		0				6	False	0.026	0.2076	0.3603	0.2641	0.0072	0.0242	0.0963	0.0142	0.0002										NP	0.272	LP	0.462
(⸜ััૅ౪⸝ัั�	HP-S	0.3752	2		0				1	False	0.1771	0.3752	0.1626	0.2117	0.0113	0.0116	0.0068	0.0211	0.0226										HP-S	0.547	HP-D	0.353
"(⸜�//
⸝̫⸝)"	HP-S	0.5754	2		0				1	False	0.0356	0.5754	0.2056	0.0958	0.0047	0.0354	0.0118	0.0122	0.0236										HP-S	0.986	LP	0.401
(⸝⸜・ᵔ・⸝�	NP	0.2897	2		0				1	False	0.0501	0.2448	0.2114	0.2897	0.0063	0.0132	0.1153	0.0461	0.023										HP-S	0.42	LP	0.415
(　´∀`)	NB	0.3033	2		0				2	False	0.1757	0.0891	0.2864	0.1329	0.0	0.0001	0.0007	0.3033	0.0119										NB	0.562	LP	0.356
(　´∀`　)	LP	0.6577	2		0				4	False	0.0526	0.1075	0.6577	0.1354	0.0	0.0	0.0	0.0468	0.0										LP	0.911	LP	0.405
(〃¬‿¬〃)	HP-D	0.4662	2		0				1	False	0.4662	0.089	0.1112	0.0667	0.0413	0.0088	0.0022	0.0112	0.2035										HP-D	0.532	HP-D	0.4
(〃°ω°〃)	HB	0.3233	2		0				1	False	0.0999	0.2785	0.1631	0.0876	0.0011	0.0356	0.0	0.011	0.3233										HB	0.56	LP	0.326
(〃´ω`〃)	LP	0.3737	2		0				1	False	0.0453	0.0976	0.3737	0.1237	0.0012	0.0664	0.0681	0.0218	0.2021										HB	0.38	LP	0.439
(〃´д`)	HN-S	0.3549	2		0				1	False	0.0061	0.0091	0.0152	0.0152	0.1835	0.3549	0.1569	0.0152	0.2441										HN-S	0.437	LN	0.303
(〃ω〃)	HP-D	0.5381	2		0				1	False	0.5381	0.1191	0.2008	0.0932	0.0	0.0117	0.0002	0.0118	0.0251										HP-D	0.983	LP	0.395
(〃∇〃)	HP-S	0.437	2		0				1	False	0.2622	0.437	0.1596	0.0955	0.0	0.0114	0.0	0.0114	0.023										HP-S	0.601	LP	0.318
(〃▽〃)	HP-D	0.3868	2		0				3	False	0.3868	0.2965	0.1661	0.1285	0.0	0.0106	0.0	0.0003	0.0111										HP-D	0.646	LP	0.319
(〃▿〃)	HP-D	0.5022	2		0				1	False	0.5022	0.1563	0.192	0.1134	0.0	0.0105	0.0	0.0118	0.0138										HP-D	0.921	LP	0.354
(〃・ω・)	HB	0.5097	2		0				1	True	0.0352	0.0814	0.1977	0.1163	0.0	0.0006	0.0007	0.0585	0.5097										HB	0.996	LP	0.395
(〃＾▽＾〃)	HP-S	0.3961	2		0				1	False	0.1776	0.3961	0.1525	0.2521	0.0	0.0	0.0	0.0217	0.0										HP-S	0.446	HP-S	0.346
(〃ﾟ3ﾟ〃)	HP-D	0.483	2		0				3	False	0.483	0.1704	0.1925	0.1158	0.0045	0.0045	0.0045	0.0123	0.0124										HP-D	0.83	LP	0.385
(〃￣ω￣〃)	HP-D	0.5387	2		0				1	False	0.5387	0.0699	0.2234	0.1141	0.0001	0.0	0.0	0.0286	0.0253										HP-D	0.86	LP	0.391
(゚ペ)	HP-D	0.3353	2		0				0	False	0.3353	0.0112	0.0114	0.0201	0.0313	0.0477	0.0313	0.2282	0.2835										HP-D	0.658	HB	0.531
(゜∇゜)	NB	0.4546	2		0				0	False	0.1358	0.1855	0.0421	0.0751	0.0042	0.0105	0.0042	0.4546	0.088										NB	0.763	HP-S	0.23
(ノಠ益ಠ)	HN-D	0.9177	2		0				1	True	0.0086	0.0043	0.0	0.0	0.9177	0.047	0.0	0.0	0.0223										HN-D	0.991	HN-D	0.845
(ノ◕ヮ◕)	HP-S	0.7	2	HP-S	37	0.0859	0.8761	True	37	True	0.131	0.7	0.0595	0.0737	0.0048	0.0048	0.0024	0.0119	0.0119	0.0	0.8919	0.0	0.1081	0.0	0.0	0.0	0.0	0.0	HP-S	0.995	HP-S	0.405
(ノ゜-゜)	HN-S	0.42	2		0				1	False	0.0378	0.0911	0.05	0.0501	0.0587	0.42	0.0461	0.1375	0.1087										HN-S	0.79	NB	0.275
(・	HB	0.3739	2		0				0	False	0.0435	0.0286	0.0714	0.0573	0.0198	0.1221	0.0144	0.2689	0.3739										HB	0.576	NB	0.343
(・_・)	NB	0.6987	2	NB	21	0.0724	0.8956	True	174	True	0.0067	0.0067	0.0168	0.0168	0.017	0.0223	0.0355	0.6987	0.1796	0.0	0.0	0.0	0.0	0.0	0.0	0.0	0.9524	0.0476	NB	0.827	NB	0.57
(・_・;)	HB	0.5719	2	HB	86	0.0971	0.86	True	125	True	0.0029	0.0029	0.0058	0.0087	0.0164	0.2894	0.0292	0.0727	0.5719	0.1047	0.0	0.0	0.0	0.0	0.1047	0.0	0.2326	0.5581	HB	0.737	HB	0.407
(・_・;?	HB	0.7108	2		0				1	False	0.006	0.006	0.006	0.006	0.0149	0.1463	0.0149	0.0893	0.7108										HB	0.916	HB	0.506
(・_・;?)	HB	0.7523	2		0				1	False	0.0059	0.0059	0.0088	0.0088	0.0147	0.0859	0.0147	0.1029	0.7523										HB	0.975	HB	0.529
(・_・?)	HB	0.8128	2	NB	17	0.3339	0.5183	False	21	True	0.0068	0.0068	0.0102	0.0102	0.0068	0.017	0.0102	0.1191	0.8128	0.0	0.0	0.0	0.0	0.0	0.0	0.0	0.8824	0.1176	HB	1.0	HB	0.626
(・_・ゞ−☆	HB	0.4743	2		0				0	False	0.0957	0.0638	0.0745	0.0851	0.0276	0.0549	0.0177	0.1064	0.4743										HB	0.863	NB	0.213
(・_・ヘ)	HB	0.6336	2		0				1	True	0.0054	0.0053	0.008	0.0134	0.0281	0.1176	0.0804	0.1082	0.6336										HB	0.893	HB	0.374
(・_・ヾ	HB	0.6418	2	HB	4	0.0872	0.8742	True	11	True	0.0137	0.0082	0.0273	0.0273	0.0174	0.0858	0.0416	0.1368	0.6418	0.0	0.0	0.0	0.0	0.0	0.0	0.0	0.25	0.75	HB	0.929	HB	0.355
(・_・ヾ)	HB	0.6188	2		0				1	False	0.014	0.0084	0.0281	0.0281	0.0178	0.1015	0.0428	0.1406	0.6188										HB	0.929	HB	0.309
(・`ω´・)	HN-D	0.3942	2		0				2	False	0.1061	0.0152	0.0152	0.0152	0.3942	0.2658	0.0152	0.0861	0.0872										HN-S	0.471	HN-D	0.364
(・o・)	HN-S	0.4982	2		0				0	False	0.0147	0.0329	0.0145	0.0148	0.0068	0.4982	0.0145	0.1625	0.241										HN-S	0.851	HB	0.349
(・̀.̫・́)	HN-S	0.5421	2		0				0	False	0.016	0.0064	0.0064	0.0064	0.2296	0.5421	0.0321	0.0481	0.1129										HN-S	0.988	HN-D	0.449
(・̀_・́)	HN-S	0.5416	2		0				0	False	0.0152	0.0061	0.0061	0.0152	0.2321	0.5416	0.0152	0.1067	0.0616										HN-S	0.992	HN-D	0.457
(・̀ω・́	HN-S	0.4376	2		0				2	False	0.1765	0.0465	0.0225	0.0791	0.095	0.4376	0.0045	0.092	0.0463										HN-S	0.853	HP-D	0.315
(・̀ω・́)	HN-S	0.4376	2		0				65	False	0.1765	0.0465	0.0225	0.0791	0.0949	0.4376	0.0045	0.092	0.0463										HN-S	0.853	HP-D	0.315
(・̀д・́)	HN-D	0.4132	2		0				2	False	0.0159	0.0064	0.0064	0.0096	0.4132	0.4028	0.0159	0.0478	0.0821										HN-S	0.71	HN-D	0.541
(・̀‿-)	HN-S	0.3839	2		0				0	False	0.2135	0.1066	0.1037	0.1114	0.0418	0.3839	0.0042	0.0232	0.0117										HN-S	0.759	HP-D	0.353
(・̀‿・́)	HN-S	0.4801	2		0				97	True	0.1752	0.0775	0.0441	0.1	0.0346	0.4801	0.0044	0.0569	0.0273										HN-S	0.951	HP-D	0.344
(・̀‿・́;)	HN-S	0.6255	2		0				0	False	0.0429	0.0143	0.0143	0.0286	0.0587	0.6255	0.0143	0.0429	0.1587										HN-S	0.994	HB	0.314
(・̀⌄・́)	HN-S	0.4804	2		0				0	False	0.1198	0.0726	0.1224	0.1025	0.0148	0.4804	0.0041	0.055	0.0284										HN-S	0.948	LP	0.245
(・̀⌓・́)	HN-S	0.6094	2		0				1	False	0.0058	0.0058	0.0058	0.0058	0.1759	0.6094	0.0723	0.0289	0.0904										HN-S	0.959	HN-D	0.318
(・̀ㅁ・́)	HN-S	0.5697	2		0				2	False	0.0275	0.0137	0.0055	0.0137	0.1697	0.5697	0.0137	0.0687	0.1176										HN-S	0.947	HN-D	0.302
(・̀ㅁ・́;)	HN-S	0.5589	2		0				0	False	0.0059	0.0059	0.0029	0.0059	0.0975	0.5589	0.0147	0.0294	0.2789										HN-S	0.659	HN-S	0.459
(・̀ㅂ・́)	HN-S	0.4189	2		0				0	False	0.1286	0.0251	0.0125	0.0376	0.2674	0.4189	0.0125	0.0517	0.0456										HN-S	0.788	HN-D	0.35
(・́ω・̀)	NB	0.4949	2		0				0	False	0.0154	0.0065	0.0153	0.0161	0.1019	0.1269	0.1309	0.4949	0.092										NB	0.874	LN	0.262
(・́‸・̀)	HN-S	0.5392	2		0				0	False	0.0065	0.0032	0.0097	0.0097	0.0862	0.5392	0.1815	0.065	0.0989										HN-S	0.981	LN	0.357
(・́⌓・̀)	HN-S	0.5399	2		0				0	False	0.0	0.0	0.0	0.0	0.0657	0.5399	0.3287	0.0217	0.0439										HN-S	0.993	LN	0.652
(・́︵・̀)	HN-S	0.5156	2		0				0	False	0.0	0.0	0.0	0.0	0.0304	0.5156	0.4302	0.0	0.0238										HN-S	0.94	LN	0.818
(・́︿・̀)	HN-S	0.5597	2		0				1	True	0.0	0.0	0.0085	0.0	0.0235	0.5597	0.3643	0.0214	0.0226										HN-S	0.991	LN	0.726
(・̅_・̅)	HN-S	0.5216	2		0				0	False	0.0141	0.0057	0.0141	0.0141	0.0854	0.5216	0.0707	0.1836	0.0907										HN-S	0.987	NB	0.367
(・ε・)	HN-S	0.3633	2		0				0	False	0.0442	0.0147	0.0589	0.0294	0.1388	0.3633	0.0739	0.099	0.1778										HN-S	0.697	HN-D	0.235
(・ω<)	HP-D	0.3769	2		0				0	False	0.3769	0.1278	0.0929	0.0713	0.0044	0.0146	0.0022	0.2977	0.0122										NB	0.573	HP-D	0.378
(・ω・)	NB	0.6753	2	NB	22	0.1284	0.8148	True	31	True	0.0388	0.0242	0.1091	0.0726	0.0049	0.0118	0.0073	0.6753	0.056	0.0	0.0	0.0	0.0	0.0	0.0	0.0	1.0	0.0	NB	0.94	NB	0.411
(・ω・;)	HN-S	0.5167	2		0				1	False	0.0135	0.0135	0.027	0.027	0.0135	0.5167	0.027	0.0946	0.2671										HN-S	0.79	HB	0.324
(・ω・?)	HB	0.7309	2		0				1	True	0.0149	0.0149	0.0446	0.0298	0.006	0.0161	0.0089	0.134	0.7309										HB	0.998	HB	0.464
(・ω・`)	HN-S	0.4543	2		0				1	False	0.0132	0.0132	0.0526	0.0395	0.0132	0.4543	0.1184	0.1056	0.19										HN-S	0.803	LN	0.237
(・ω・`)ゝo☆	HP-S	0.5714	2		0				1	False	0.0306	0.5714	0.1122	0.0918	0.0102	0.0204	0.0306	0.0816	0.051										HP-S	1.0	LP	0.224
(・ω・´)	HN-S	0.3556	2		0				0	False	0.1065	0.0272	0.0919	0.0869	0.0403	0.3556	0.0054	0.2072	0.079										HN-S	0.684	NB	0.294
(・ω・ﾉ	NB	0.3555	2		0				0	False	0.0668	0.0931	0.107	0.0893	0.004	0.2223	0.0039	0.3555	0.0582										NB	0.479	NB	0.232
(・ө・)	HN-S	0.4133	2		0				5	False	0.036	0.0479	0.1316	0.0718	0.0058	0.4133	0.012	0.1952	0.0865										HN-S	0.817	NB	0.287
(・᷄⌓・᷅)	HN-S	0.578	2		0				1	False	0.0	0.0	0.0	0.0	0.0789	0.578	0.2425	0.0323	0.0684										HN-S	0.93	LN	0.484
(・―・)	HB	0.5522	2		0				1	True	0.0061	0.0061	0.0305	0.0152	0.021	0.067	0.0915	0.2103	0.5522										HB	0.891	NB	0.396
(・‾‿‾・)	NB	0.5345	2		0				0	False	0.138	0.0592	0.1482	0.1015	0.0039	0.0027	0.002	0.5345	0.0102										NB	0.99	LP	0.295
(・‿・)	NB	0.6158	2	NB	3	0.13	0.8124	True	57	True	0.0349	0.0559	0.1676	0.1029	0.0022	0.0028	0.0045	0.6158	0.0134	0.0	0.0	0.0	0.3333	0.0	0.0	0.0	0.6667	0.0	NB	0.986	LP	0.335
(・∀・(・∀・(・∀・)	HB	0.4486	2		0				1	False	0.1678	0.1172	0.0851	0.0745	0.0044	0.0361	0.0021	0.0643	0.4486										HB	0.876	HP-D	0.319
(・∀・)	NB	0.5374	2	NB	9	0.1502	0.7833	True	22	True	0.1477	0.1122	0.0814	0.093	0.0041	0.0047	0.0041	0.5374	0.0154	0.1111	0.0	0.0	0.0	0.0	0.1111	0.0	0.7778	0.0	NB	0.973	HP-D	0.285
(・∀・;)	HN-S	0.387	2		0				0	False	0.052	0.0294	0.0147	0.0294	0.0149	0.387	0.0147	0.0744	0.3834										HN-S	0.509	HB	0.324
(・⌄・)	NB	0.6076	2		0				1	False	0.0331	0.0441	0.1765	0.1212	0.0	0.0009	0.0044	0.6076	0.0121										NB	0.995	LP	0.352
(・▽・)	NB	0.4319	2		0				1	False	0.0654	0.1069	0.1492	0.1091	0.0	0.0015	0.0	0.4319	0.1359										NB	0.736	LP	0.298
(・⩊・)	NB	0.4894	2		0				0	False	0.0578	0.0914	0.1821	0.1126	0.001	0.0547	0.0002	0.4894	0.0109										NB	0.806	LP	0.327
(・へ・)	HN-S	0.4506	2		0				0	False	0.0057	0.0028	0.0057	0.0057	0.1771	0.4506	0.0847	0.099	0.1688										HN-S	0.845	HN-D	0.311
(・・;)	HB	0.5365	2		0				0	False	0.006	0.0058	0.0058	0.0058	0.0153	0.3365	0.0304	0.058	0.5365										HB	0.755	HN-S	0.434
(・・;ノ)	HN-S	0.6264	2		0				1	False	0.0061	0.0068	0.0058	0.0087	0.0156	0.6264	0.0299	0.0596	0.241										HN-S	0.822	HN-S	0.431
(・︵・)	LN	0.3879	2		0				0	False	0.0	0.0	0.0082	0.0	0.2413	0.2402	0.3879	0.0617	0.0607										HN-D	0.442	LN	0.697
(・﹏・)	HN-S	0.6207	2		0				0	False	0.0058	0.0058	0.0145	0.0087	0.0171	0.6207	0.1605	0.0727	0.0941										HN-S	0.98	LN	0.32
(・ｪ・)	HN-S	0.366	2		0				0	False	0.0143	0.0143	0.0571	0.0429	0.0414	0.366	0.0287	0.2319	0.2035										HN-S	0.703	NB	0.457
(ーー;)	HB	0.3502	2		0				0	False	0.0152	0.0028	0.0063	0.0089	0.238	0.1763	0.1112	0.0912	0.3502										HB	0.434	HB	0.266
(人*´∀`)	HP-S	0.4366	2		0				1	False	0.0365	0.4366	0.385	0.1299	0.0	0.0	0.0	0.0119	0.0										HP-S	0.611	LP	0.405
(人*´∇	LP	0.4905	2		0				4	False	0.0462	0.3213	0.4905	0.1182	0.0002	0.0004	0.0004	0.0114	0.0114										LP	0.595	LP	0.386
(灬°‿°灬)	LP	0.4067	2		0				1	True	0.0637	0.1639	0.4067	0.1114	0.013	0.0019	0.0	0.1939	0.0456										LP	0.413	LP	0.401
(ꈍ‿ꈍ✨)	HP-S	0.5101	2		0				1	False	0.1495	0.5101	0.1893	0.1198	0.0011	0.0061	0.0084	0.0111	0.0044										HP-S	0.783	LP	0.366
(ꈍ‿ꈍ�	LP	0.254	2		0				1	False	0.2172	0.046	0.254	0.1319	0.0289	0.187	0.0926	0.0269	0.0154										HN-S	0.369	LP	0.477
(꒪_꒪ׅ)	HN-D	0.3511	2		0				1	False	0.0207	0.0028	0.0055	0.0055	0.3511	0.1967	0.0554	0.1114	0.2509										HN-D	0.565	HB	0.302
(꒪_꒪✿)	HB	0.2213	2		0				1	False	0.1135	0.0147	0.0823	0.0175	0.2044	0.1857	0.0441	0.1165	0.2213										HB	0.268	HN-D	0.32
(꒪ཫ꒪;)	HN-S	0.4962	2		0				0	False	0.0151	0.0	0.0	0.0	0.2325	0.4962	0.0323	0.0161	0.2078										HN-S	0.444	HN-S	0.548
(꒪ヮ꒪)	HP-S	0.4713	2		0				1	False	0.1902	0.4713	0.0347	0.055	0.0058	0.0377	0.0046	0.0822	0.1184										HP-S	0.714	HP-S	0.228
(꒪ꇴ꒪)	HN-S	0.356	2		0				5	False	0.0945	0.0397	0.0058	0.006	0.2234	0.356	0.0144	0.0297	0.2306										HN-D	0.389	HN-S	0.431
(꒪꒫	HP-D	0.3033	2		0				1	False	0.3033	0.0057	0.0077	0.0071	0.1121	0.1384	0.1645	0.1128	0.1484										HP-D	0.593	LN	0.329
(꒪꒫꒪	HP-D	0.3024	2		0				1	False	0.3024	0.0052	0.0068	0.0062	0.1074	0.1527	0.1412	0.1271	0.151										HP-D	0.593	LN	0.282
(눈_눈)	HN-D	0.4217	2		0				2	True	0.0072	0.0029	0.0029	0.0058	0.4217	0.0172	0.0289	0.1315	0.382										HB	0.592	HN-D	0.448
(눈‸눈)	HN-D	0.6167	2		0				0	False	0.0201	0.0061	0.006	0.006	0.6167	0.0336	0.0452	0.0605	0.2056										HN-D	0.721	HN-D	0.512
(︵・ω・)	LN	0.5623	2		0				2	False	0.0147	0.0147	0.0735	0.0588	0.0703	0.0415	0.5623	0.103	0.0611										LN	0.86	LN	0.265
(︵・ω・︵)	LN	0.5657	2		0				1	False	0.0064	0.0064	0.0159	0.0096	0.2096	0.0861	0.5657	0.0318	0.0685										LN	0.59	LN	0.541
(︵︵)	LN	0.6921	2		0				3	False	0.0069	0.007	0.0104	0.007	0.1289	0.0766	0.6921	0.0521	0.019										LN	0.794	LN	0.59
(︵︶︵)	LN	0.7925	2		0				2	False	0.004	0.004	0.0079	0.0079	0.0621	0.0616	0.7925	0.0397	0.0203										LN	0.91	LN	0.675
(︵︿︵)	LN	0.6314	2		0				2	False	0.0033	0.0033	0.0066	0.0066	0.1381	0.1551	0.6314	0.0166	0.039										LN	0.799	LN	0.464
(︵｡・́︿・̀�	LN	0.5991	2		0				1	False	0.0035	0.0035	0.0071	0.0071	0.1447	0.1782	0.5991	0.0177	0.039										LN	0.595	LN	0.603
(︶︿︶)	LN	0.6161	2		0				2	False	0.0002	0.0	0.0001	0.0001	0.2842	0.0212	0.6161	0.0557	0.0223										LN	0.825	HN-D	0.407
(︾⌐‿︾)	HP-S	0.3341	2		0				1	False	0.3077	0.3341	0.1323	0.0744	0.0439	0.0061	0.0059	0.0663	0.0295										HP-S	0.61	HP-D	0.538
(︾︿︾)	HN-D	0.3213	2		0				1	False	0.2714	0.0254	0.0189	0.0264	0.3213	0.0447	0.1202	0.1072	0.0646										HP-D	0.505	HN-D	0.586
(︿︿)	LN	0.3392	2		0				50	False	0.0395	0.1117	0.0384	0.1997	0.0399	0.0599	0.3392	0.1513	0.0205										NP	0.384	LN	0.675
(﹏(._.)っ)	LN	0.5826	2		0				1	False	0.006	0.0061	0.0444	0.015	0.015	0.2563	0.5826	0.0297	0.045										LN	0.751	LN	0.414
(﹏-)	HN-S	0.5358	2		0				3	False	0.0043	0.0088	0.0203	0.0164	0.0194	0.5358	0.3176	0.0526	0.0248										HN-S	0.899	LN	0.586
(﹒︠‿﹒︡)	NB	0.4306	2		0				0	False	0.1968	0.0517	0.1791	0.0818	0.013	0.0068	0.0117	0.4306	0.0285										NB	0.784	HP-D	0.387
(＠_＠;)	HN-S	0.5552	2		0				1	True	0.0028	0.0028	0.0028	0.0056	0.0173	0.5552	0.0279	0.0139	0.3718										HN-S	0.638	HN-S	0.472
(＾	NB	0.2895	2		0				0	False	0.2267	0.1675	0.1304	0.1615	0.0044	0.0044	0.0044	0.2895	0.0111										NB	0.535	HP-S	0.265
(＾3＾)	NB	0.3653	2		0				1	False	0.1433	0.0924	0.2086	0.1604	0.0107	0.0043	0.0043	0.3653	0.0107										NB	0.688	LP	0.299
(＾_－)	NB	0.362	2		0				1	False	0.1746	0.082	0.1025	0.0922	0.0047	0.0022	0.0059	0.362	0.1739										NB	0.662	HP-D	0.348
(＾_＾)	NB	0.4136	2		0				1	False	0.0329	0.0764	0.1856	0.1201	0.0034	0.0039	0.0102	0.4136	0.1539										NB	0.696	LP	0.371
(＾ω＾)	HP-D	0.3646	2		0				1	False	0.3646	0.0871	0.1892	0.1264	0.0	0.0	0.0	0.2086	0.0242										HP-D	0.577	LP	0.37
(＾‿＾)	NB	0.4004	2		0				81	False	0.1769	0.1197	0.1718	0.1311	0.0	0.0	0.0	0.4004	0.0										NB	0.757	LP	0.326
(＾∇＾)	HP-S	0.5667	2		0				6	False	0.1377	0.5667	0.0869	0.1382	0.0	0.0	0.0	0.066	0.0044										HP-S	0.767	HP-S	0.366
(＾▽＾)	NB	0.2765	2		0				6	True	0.2055	0.2241	0.1309	0.1629	0.0	0.0	0.0	0.2765	0.0										NB	0.531	HP-S	0.378
(＾▿＾)	HP-D	0.3364	2		0				1	False	0.3364	0.1804	0.1533	0.2012	0.0	0.0	0.0	0.1243	0.0044										HP-D	0.497	HP-S	0.33
(＾・ω・＾)	NB	0.5676	2		0				0	False	0.0683	0.0698	0.1599	0.1105	0.004	0.004	0.004	0.5676	0.0118										NB	0.976	LP	0.319
(＾ｪ＾)	NB	0.4933	2		0				1	False	0.114	0.1039	0.1568	0.1081	0.0042	0.0043	0.0042	0.4933	0.0113										NB	0.904	LP	0.29
(ｏ❁・‿・❁)�	NB	0.3732	2		0				1	False	0.0663	0.1044	0.3284	0.1271	0.0001	0.0001	0.0002	0.3732	0.0002										NB	0.705	LP	0.375
(ｏ・ω・)	NB	0.5798	2		0				3	False	0.043	0.0527	0.1479	0.095	0.0055	0.0104	0.0183	0.5798	0.0474										NB	0.927	LP	0.295
(｡-_-｡)	LN	0.6702	2		0				0	False	0.0065	0.0065	0.0818	0.0325	0.0171	0.0526	0.6702	0.0991	0.0337										LN	0.983	LN	0.357
(｡-`ω´-)	LN	0.4453	2		0				0	False	0.0468	0.0062	0.0674	0.0155	0.1698	0.0172	0.4453	0.1701	0.0618										LN	0.829	HN-D	0.34
(｡-ω-)	LN	0.5929	2	LP	7	0.4564	0.3415	False	7	True	0.0145	0.0087	0.1641	0.0578	0.0145	0.0145	0.5929	0.1183	0.0148	0.0	0.0	1.0	0.0	0.0	0.0	0.0	0.0	0.0	LN	0.984	LP	0.318
(｡-ω｡)	LN	0.5504	2		0				3	False	0.0135	0.0135	0.1924	0.1081	0.0135	0.0136	0.5504	0.0814	0.0135										LN	0.993	LP	0.378
(｡-‿-｡)	LN	0.3011	2	LP	3	0.254	0.6335	False	3	True	0.0946	0.041	0.2989	0.1031	0.0065	0.0067	0.3011	0.1345	0.0136	0.0	0.0	0.6667	0.0	0.0	0.0	0.0	0.3333	0.0	LN	0.582	LP	0.348
(｡-∀-)	NB	0.4651	2		0				3	False	0.1936	0.0422	0.1413	0.0848	0.0108	0.0044	0.0134	0.4651	0.0443										NB	0.846	HP-D	0.359
(｡>‿<	HP-S	0.5435	2		0				1	False	0.1202	0.5435	0.1143	0.188	0.0042	0.0106	0.0042	0.0044	0.0106										HP-S	0.748	HP-S	0.339
(｡>‿<｡)	HP-S	0.5504	2		0				0	False	0.1178	0.5504	0.1121	0.1864	0.0042	0.0104	0.0042	0.0043	0.0104										HP-S	0.748	HP-S	0.353
(｡>﹏<｡)	HN-S	0.7339	2		0				11	True	0.0074	0.0296	0.0151	0.0074	0.0344	0.7339	0.121	0.006	0.0452										HN-S	0.956	HN-S	0.512
(｡^‿^｡)	NP	0.3997	2		0				1	False	0.0476	0.1267	0.2679	0.3997	0.0	0.0	0.0	0.158	0.0										NP	0.572	LP	0.409
(｡´‿`｡)	LP	0.7433	2		0				1	True	0.0128	0.0897	0.7433	0.1412	0.0	0.0	0.0	0.0129	0.0										LP	0.999	LP	0.487
(｡´▽`｡)	LP	0.6336	2		0				2	False	0.0445	0.1556	0.6336	0.1243	0.0	0.0002	0.0088	0.033	0.0										LP	0.889	LP	0.378
(｡´꒳`｡)	LP	0.7701	2		0				0	False	0.0144	0.0571	0.7701	0.1438	0.0	0.0	0.0	0.0146	0.0										LP	0.997	LP	0.543
(｡·‿·｡)	LP	0.3868	2		0				1	True	0.0355	0.0825	0.3868	0.1302	0.0	0.0	0.0001	0.3601	0.0047										NB	0.673	LP	0.448
(｡˃ᆺ˂｡)	HN-S	0.2805	2		0				2	False	0.1711	0.2107	0.1053	0.108	0.0403	0.2805	0.0228	0.015	0.0461										HN-S	0.402	HP-S	0.25
(｡˃‿˂)	NP	0.3767	2	LP	3	0.4783	0.31	False	52	True	0.1999	0.2648	0.1424	0.3767	0.0	0.0	0.0	0.0161	0.0	0.0	0.0	1.0	0.0	0.0	0.0	0.0	0.0	0.0	NP	0.557	HP-S	0.333
(｡˃‿˂｡)	HP-S	0.3541	2		0				7	False	0.123	0.3541	0.1511	0.3461	0.002	0.0041	0.002	0.0075	0.0101										NP	0.53	HP-S	0.316
(｡˘-˘｡)	LP	0.377	2		0				1	True	0.0132	0.0121	0.377	0.1098	0.1173	0.035	0.0904	0.1799	0.0652										LP	0.343	LP	0.411
(｡˘³˘)	LP	0.6411	2	LP	4	0.1442	0.792	True	4	True	0.0489	0.0562	0.6411	0.1127	0.0053	0.0029	0.0056	0.1182	0.0092	0.0	0.0	1.0	0.0	0.0	0.0	0.0	0.0	0.0	LP	0.765	LP	0.517
(｡˘ω˘｡)	LP	0.5203	2	LP	4	0.2047	0.7046	True	4	True	0.018	0.0469	0.5203	0.1352	0.0	0.0	0.0	0.2771	0.0025	0.0	0.0	1.0	0.0	0.0	0.0	0.0	0.0	0.0	NB	0.523	LP	0.594
(｡‿‿‿｡)	LP	0.4316	2		0				36	False	0.0273	0.0068	0.4316	0.028	0.017	0.051	0.2891	0.1151	0.034										LP	0.829	LN	0.578
(｡╯︵╰｡)	LN	0.9316	2		0				87	True	0.0	0.0	0.0	0.0	0.0001	0.0683	0.9316	0.0	0.0										LN	1.0	LN	0.864
(｡╹ω╹｡)	NB	0.411	2		0				0	False	0.0981	0.1094	0.213	0.1444	0.0039	0.0043	0.0055	0.411	0.0103										NB	0.745	LP	0.326
(｡◕‿‿◕｡)	NB	0.3757	2		0				4	True	0.0465	0.1067	0.3113	0.1492	0.0	0.0	0.0	0.3757	0.0107										NB	0.709	LP	0.383
(｡◕‿◕｡)	NB	0.4399	2	LP	37	0.2749	0.6035	False	172	True	0.0389	0.0979	0.247	0.1762	0.0	0.0	0.0	0.4399	0.0001	0.4054	0.0	0.5135	0.0	0.0	0.0	0.0	0.0811	0.0	NB	0.831	LP	0.439
(｡◕◕｡)	NB	0.4632	2		0				0	False	0.0613	0.1051	0.1698	0.1535	0.0042	0.0167	0.0061	0.4632	0.0201										NB	0.809	LP	0.333
(｡◝‿◜	NP	0.2957	2		0				1	False	0.1997	0.0685	0.1987	0.2957	0.0039	0.0038	0.0039	0.2161	0.0096										NB	0.375	LP	0.326
(｡♡‿♡｡)	LP	0.7166	2		0				2	False	0.0369	0.1344	0.7166	0.1117	0.0	0.0	0.0	0.0004	0.0										LP	0.97	LP	0.463
(｡♥‿♥｡)	LP	0.5353	2	LP	43	0.0559	0.9193	True	198	True	0.0717	0.1366	0.5353	0.2536	0.0	0.0	0.0	0.0028	0.0	0.1163	0.186	0.3023	0.2791	0.0	0.0	0.0	0.1163	0.0	LP	0.666	LP	0.405
(｡・	NB	0.3744	2		0				0	False	0.0655	0.0625	0.3249	0.0757	0.0139	0.0123	0.0213	0.3744	0.0495										NB	0.54	LP	0.25
(｡・ˇ‸ˇ・｡)	HB	0.3469	2		0				3	False	0.0073	0.0032	0.038	0.0121	0.2071	0.0375	0.2135	0.1345	0.3469										HB	0.566	HN-D	0.288
(｡・̀‿-)	HP-D	0.6542	2	HP-D	30	0.1543	0.7774	True	73	True	0.6542	0.0981	0.1535	0.0742	0.0003	0.0002	0.0	0.0185	0.0011	0.3667	0.0333	0.0333	0.2667	0.0	0.0	0.0	0.3	0.0	HP-D	0.967	HP-D	0.341
(｡・̀‿-)و	HP-S	0.5914	2		0				1	False	0.1649	0.5914	0.0901	0.1199	0.0085	0.003	0.002	0.0104	0.01										HP-S	0.965	HP-D	0.31
(｡・̀‿・́｡)	HP-D	0.5939	2		0				4	False	0.5939	0.1468	0.0871	0.0971	0.0105	0.0105	0.0041	0.0281	0.0219										HP-D	0.961	HP-S	0.289
(｡・́ω・̀｡)	LN	0.6258	2		0				0	False	0.006	0.0145	0.0736	0.0291	0.0145	0.1069	0.6258	0.0488	0.0809										LN	0.932	LN	0.32
(｡・́‿・̀｡)	LP	0.33	2	NB	5	0.1737	0.7494	False	10	True	0.0789	0.125	0.33	0.1159	0.0	0.001	0.1947	0.1436	0.0108	0.2	0.0	0.2	0.2	0.0	0.0	0.0	0.4	0.0	LN	0.389	LP	0.425
(｡・́⌒・̀｡)	LN	0.7115	2		0				0	False	0.0061	0.0061	0.0152	0.0152	0.0458	0.1073	0.7115	0.0305	0.0622										LN	0.996	LN	0.427
(｡・́︵・̀｡)	LN	0.8808	2		0				2	True	0.0	0.0	0.0081	0.0	0.0081	0.0619	0.8808	0.0202	0.021										LN	0.995	LN	0.766
(｡・́︿・̀｡)	LN	0.8103	2	HN-S	60	0.2677	0.6138	False	438	True	0.0001	0.0	0.0076	0.0	0.0199	0.1159	0.8103	0.0077	0.0385	0.0333	0.0667	0.0333	0.1667	0.0167	0.4333	0.1667	0.0	0.0833	LN	0.918	LN	0.702
(｡・ω・｡)	NB	0.4367	2	LP	32	0.1201	0.8267	False	52	True	0.0437	0.0807	0.3139	0.0962	0.0046	0.0046	0.0075	0.4367	0.0122	0.0	0.0	0.6562	0.0	0.0	0.0	0.0	0.3437	0.0	NB	0.735	LP	0.392
(｡・‿-)	LP	0.5791	2		0				1	True	0.1223	0.0991	0.5791	0.1118	0.0	0.0	0.0	0.0833	0.0044										LP	0.85	LP	0.308
(｡・‿・｡)	LP	0.5952	2	LP	13	0.0202	0.9709	True	15	True	0.0396	0.0897	0.5952	0.1185	0.0	0.0	0.0	0.157	0.0	0.0769	0.0769	0.5385	0.2308	0.0	0.0	0.0	0.0769	0.0	LP	0.729	LP	0.462
(｡・∀・)｡'	LP	0.395	2		0				1	False	0.1373	0.2142	0.395	0.0814	0.0092	0.0276	0.002	0.1236	0.0099										LP	0.574	HP-S	0.294
(｡・∀・)ﾉﾞ	HP-S	0.5775	2		0				2	False	0.1346	0.5775	0.1817	0.0772	0.0	0.0	0.0	0.0192	0.0096										HP-S	0.828	HP-S	0.327
(｡・ㅅ・｡)	LP	0.4433	2		0				6	False	0.0233	0.0455	0.4433	0.0918	0.0009	0.0158	0.0341	0.2937	0.0517										LP	0.546	LP	0.341
(ﾉ>ω<)	HP-S	0.6347	2		0				40	False	0.1241	0.6347	0.0225	0.0227	0.0563	0.0901	0.0113	0.0045	0.0338										HP-S	0.999	HP-S	0.27
(ﾉ^_^)	HP-S	0.6425	2		0				4	False	0.1109	0.6425	0.087	0.115	0.0047	0.0046	0.0022	0.0222	0.0109										HP-S	0.981	HP-S	0.304
(ﾉ´-`ﾉ)	LN	0.5033	2		0				1	False	0.036	0.0344	0.1168	0.0823	0.0197	0.0562	0.5033	0.0931	0.0582										LN	0.867	LP	0.233
(ﾉ´_´)	LN	0.6313	2		0				2	False	0.0069	0.0727	0.0178	0.0302	0.0842	0.0562	0.6313	0.0671	0.0336										LN	0.793	LN	0.47
(ﾉ´ω`ﾉ)	LN	0.4612	2		0				4	False	0.0801	0.1185	0.1815	0.1124	0.0044	0.0097	0.4612	0.0215	0.0108										LN	0.914	LP	0.359
(ﾉ´з`)	LN	0.3921	2		0				1	False	0.1062	0.171	0.178	0.1083	0.0045	0.0192	0.3921	0.0104	0.0103										LN	0.764	LP	0.348
(ﾉ´∽`)	LP	0.3018	2		0				1	True	0.0217	0.2059	0.3018	0.1361	0.0149	0.0363	0.2425	0.0272	0.0136										LN	0.35	LP	0.378
(ﾉ´ヮ`)	HP-S	0.5714	2		0				1	False	0.0771	0.5714	0.1744	0.1381	0.0002	0.0015	0.0155	0.011	0.0107										HP-S	0.845	LP	0.319
(ﾉ´・ω・)	LN	0.3905	2		0				3	False	0.0635	0.1338	0.1833	0.1167	0.0049	0.0256	0.3905	0.0614	0.0204										LN	0.761	LP	0.304
(ﾉ´・ω・`)	LN	0.5204	2		0				22	False	0.0138	0.0357	0.1732	0.1161	0.0052	0.0317	0.5204	0.0807	0.0232										LN	0.949	LP	0.346
(ﾉ´ﾉ)	HP-S	0.2878	2		0				2	False	0.0242	0.2878	0.109	0.0524	0.013	0.0988	0.2838	0.0595	0.0714										HP-S	0.504	LP	0.214
(ﾉ´ﾟдﾟ)	HN-S	0.5147	2		0				1	False	0.0138	0.016	0.0028	0.0057	0.2652	0.5147	0.1121	0.0138	0.0558										HN-S	0.726	HN-D	0.47
(ﾉωﾉ)	LN	0.2675	2		0				0	False	0.1119	0.2633	0.1787	0.087	0.0066	0.0409	0.2675	0.018	0.026										LN	0.51	LP	0.355
(ﾉ◕‿◕	HP-S	0.6299	2		0				1	False	0.1466	0.6299	0.082	0.0752	0.0101	0.0101	0.004	0.0218	0.0202										HP-S	0.956	HP-S	0.304
(ﾉ◕ヮ◕	HP-S	0.6437	2		0				1	False	0.1773	0.6437	0.0625	0.0851	0.0042	0.0042	0.0021	0.0105	0.0104										HP-S	0.996	HP-D	0.354
(ﾉ◕ヮ◕)	HP-S	0.6911	2	HP-S	3	0.1212	0.8251	True	636	True	0.1253	0.6911	0.0682	0.0813	0.0045	0.0045	0.0023	0.0114	0.0114	0.0	1.0	0.0	0.0	0.0	0.0	0.0	0.0	0.0	HP-S	0.996	HP-S	0.386
(ﾉﾞﾉﾟ)	HP-S	0.5365	2		0				1	False	0.0507	0.5365	0.0125	0.0126	0.1376	0.1001	0.025	0.0375	0.0875										HP-S	0.998	HN-D	0.275
(ﾟ`д´ﾟ)	HP-S	0.4677	2		0				1	False	0.0081	0.4677	0.0	0.0016	0.3519	0.1417	0.0074	0.0008	0.0207										HP-S	0.928	HN-D	0.704
(ﾟoﾟ)	HP-S	0.526	2		0				2	False	0.0136	0.526	0.0135	0.0137	0.0135	0.1353	0.0135	0.1083	0.1624										HP-S	0.998	HB	0.324
(ﾟωﾟ)	NB	0.4324	2		0				1	False	0.2066	0.1076	0.0314	0.0326	0.0156	0.0313	0.0156	0.4324	0.1269										NB	0.427	NB	0.437
(ﾟдﾟ)	HB	0.416	2		0				37	False	0.0199	0.0311	0.0037	0.0037	0.0578	0.4127	0.0183	0.0369	0.416										HB	0.503	HN-S	0.401
(ﾟ‿ﾟ)	NB	0.4586	2		0				5	False	0.1635	0.1201	0.1048	0.0893	0.0091	0.0091	0.0091	0.4586	0.0365										NB	0.717	LP	0.2
(ﾟ∀ﾟ)	HP-S	0.4941	2		0				19	False	0.2726	0.4941	0.0211	0.0435	0.0211	0.0316	0.0042	0.0484	0.0633										HP-S	0.735	HP-D	0.295
(ﾟ∇ﾟ)	HP-S	0.5997	2		0				4	False	0.091	0.5997	0.0636	0.0547	0.0091	0.0182	0.0091	0.0728	0.0818										HP-S	0.999	HP-S	0.2
(ﾟ▽ﾟ)	HP-S	0.5636	2		0				10	False	0.1216	0.5636	0.1034	0.0961	0.0038	0.0038	0.0038	0.0852	0.0188										HP-S	0.864	HP-S	0.263
(ﾟ◕_◕)	HP-S	0.3909	2		0				3	False	0.0151	0.3909	0.015	0.018	0.0461	0.1497	0.03	0.1696	0.1656										HP-S	0.77	NB	0.329
(ﾟ◕‿ﾟ)	HP-S	0.5813	2		0				5	False	0.1515	0.5813	0.1082	0.0914	0.0043	0.0043	0.0043	0.0436	0.0108										HP-S	0.989	HP-D	0.303
(ﾟ☉ﾟ)	HP-S	0.399	2		0				1	False	0.0112	0.399	0.0031	0.0034	0.0158	0.2509	0.0157	0.0484	0.2526										HP-S	0.767	HN-S	0.44
(ﾟヘﾟ)	HP-S	0.3658	2		0				3	False	0.0317	0.3658	0.0058	0.0101	0.1025	0.0749	0.0291	0.1322	0.2478										HP-S	0.72	HB	0.349
(ﾟヮﾟ)	HP-S	0.555	2		0				2	False	0.1506	0.555	0.1058	0.0979	0.0038	0.0039	0.0019	0.0617	0.0194										HP-S	0.841	HP-S	0.269
(ﾟーﾟ)	NB	0.3989	2		0				0	False	0.0715	0.0095	0.0475	0.0317	0.016	0.0313	0.0317	0.3989	0.3619										HB	0.534	NB	0.475
(ﾟ﹏ﾟ)	HN-S	0.5559	2		0				3	False	0.0056	0.082	0.0055	0.0072	0.0139	0.5559	0.0573	0.0965	0.1761										HN-S	0.811	HB	0.328
(ﾟｰﾟ)	NB	0.3778	2		0				6	True	0.0862	0.2793	0.0299	0.0326	0.0298	0.015	0.0446	0.3778	0.1047										HP-S	0.541	NB	0.446
(ﾟﾛﾟ)	HP-S	0.4603	2		0				1	False	0.0606	0.4603	0.0032	0.0033	0.0163	0.2285	0.0162	0.0487	0.1629										HP-S	0.888	HN-S	0.455
(￢_￢)	HB	0.6054	2		0				6	False	0.0174	0.0028	0.0056	0.0056	0.1626	0.0092	0.0422	0.1491	0.6054										HB	0.93	HN-D	0.309
(￣^￣)	HN-D	0.2952	2		0				3	False	0.2668	0.0042	0.0145	0.0088	0.2952	0.0189	0.0374	0.2026	0.1516										HP-D	0.497	HN-D	0.556
(￣^￣ゞ	HP-D	0.3511	2		0				0	False	0.3511	0.0154	0.0154	0.0645	0.167	0.0154	0.0153	0.2367	0.1191										HP-D	0.611	HN-D	0.333
(￣_￣)	HB	0.579	2		0				11	False	0.0063	0.0032	0.0063	0.0095	0.1108	0.0158	0.095	0.1741	0.579										HB	1.0	NB	0.348
(￣_￣;)	HB	0.6596	2		0				5	False	0.0029	0.0029	0.0058	0.0087	0.0436	0.1309	0.0583	0.0872	0.6596										HB	0.999	HB	0.32
(￣~￣;)	HB	0.7282	2		0				0	False	0.0061	0.0031	0.0061	0.0092	0.0461	0.0309	0.0629	0.1074	0.7282										HB	0.996	HB	0.46
(￣ε￣)	HP-D	0.3663	2		0				1	False	0.3663	0.0159	0.2514	0.0318	0.1215	0.0152	0.0606	0.0911	0.0462										HP-D	0.642	HN-D	0.242
(￣ε￣;)	HP-D	0.2652	2		0				1	False	0.2652	0.0086	0.1963	0.0159	0.0975	0.0429	0.1335	0.0825	0.1576										HP-D	0.503	HB	0.247
(￣ω￣)	HP-D	0.5969	2		0				2	False	0.5969	0.0225	0.1158	0.0789	0.0113	0.0045	0.0113	0.1358	0.023										HP-D	0.946	HP-D	0.248
(￣ω￣;)	HB	0.6735	2		0				14	True	0.0151	0.0058	0.0145	0.0145	0.0291	0.1018	0.0584	0.0872	0.6735										HB	0.998	HB	0.349
(￣∇￣)	HP-D	0.3758	2		0				30	False	0.3758	0.0479	0.1112	0.1177	0.0113	0.0045	0.0113	0.2846	0.0357										HP-D	0.504	HP-D	0.248
(￣∇￣;)	HB	0.5963	2		0				13	False	0.0168	0.0062	0.0154	0.0309	0.0163	0.119	0.1058	0.0934	0.5963										HB	0.76	HB	0.432
(￣▽￣)	HP-D	0.4229	2		0				140	False	0.4229	0.0779	0.2128	0.1294	0.0093	0.0037	0.0056	0.1198	0.0187										HP-D	0.587	HP-D	0.259
(￣▽￣;)	HB	0.7176	2		0				13	False	0.0164	0.0089	0.0149	0.0298	0.0149	0.078	0.03	0.0895	0.7176										HB	0.989	HB	0.446
(￣へ￣)	HN-D	0.6061	2		0				0	False	0.0148	0.0032	0.0031	0.0063	0.6061	0.0223	0.0791	0.0943	0.1707										HN-D	0.722	HN-D	0.491
(￣ヘ￣)	HN-D	0.5641	2		0				2	True	0.1583	0.0034	0.0036	0.0072	0.5641	0.017	0.0672	0.0853	0.0939										HN-D	0.605	HN-D	0.523
(￣ヘ￣;)	HN-D	0.4799	2		0				1	True	0.0069	0.0027	0.0053	0.008	0.4799	0.0592	0.0845	0.0665	0.2871										HN-D	0.667	HN-D	0.293
(￣ー￣)	HP-D	0.5203	2		0				0	False	0.5203	0.0145	0.0714	0.0436	0.0582	0.0059	0.0145	0.2012	0.0703										HP-D	0.721	HP-D	0.32
(￣ー￣;)	HB	0.6041	2		0				0	False	0.0226	0.0053	0.0134	0.0267	0.0418	0.1255	0.0535	0.107	0.6041										HB	0.914	HB	0.294
(￣︞￣)	HP-D	0.4881	2		0				1	False	0.4881	0.0056	0.0096	0.0171	0.117	0.0167	0.1506	0.1383	0.0571										HP-D	0.963	LN	0.3
(￣︶￣)	LP	0.5607	2		0				10	False	0.1341	0.0443	0.5607	0.1299	0.0042	0.0021	0.0042	0.1084	0.012										LP	0.83	LP	0.292
(￣︿￣)	HN-D	0.4621	2		0				8	False	0.0147	0.0034	0.0034	0.0069	0.4621	0.0183	0.0923	0.0516	0.3474										HB	0.626	HN-D	0.582
(￣﹃￣)	LP	0.2899	2		0				2	False	0.2584	0.0296	0.2899	0.1184	0.006	0.006	0.0148	0.1029	0.174										HP-D	0.428	LP	0.325
(￣﹉￣)	HB	0.4845	2		0				1	False	0.0857	0.0064	0.0172	0.0159	0.1719	0.0195	0.0481	0.1508	0.4845										HB	0.81	HN-D	0.287
(￣﹏￣)	HB	0.5045	2		0				11	False	0.0069	0.0029	0.0059	0.0087	0.1304	0.0886	0.1795	0.0725	0.5045										HB	0.893	LN	0.318
(￣﹒￣)	HB	0.5365	2		0				1	False	0.0549	0.0062	0.0154	0.0154	0.0782	0.0283	0.0631	0.202	0.5365										HB	0.888	NB	0.401
(￣￢￢)	HP-D	0.3403	2		0				1	False	0.3403	0.0116	0.0961	0.0234	0.0934	0.0117	0.0233	0.1102	0.29										HP-D	0.518	HB	0.233
(￣￣)	NB	0.3255	2		0				8	False	0.2372	0.0072	0.0409	0.0202	0.0884	0.0177	0.0704	0.3255	0.1925										HP-D	0.439	NB	0.387
(￣￣;✿)	HB	0.367	2		0				1	False	0.0169	0.0187	0.2164	0.0742	0.0408	0.1226	0.0586	0.0849	0.367										HB	0.408	HB	0.326
(￣￣;￣￣)	HB	0.5848	2		0				1	False	0.0603	0.006	0.0158	0.0166	0.044	0.1097	0.0878	0.0748	0.5848										HB	0.85	HB	0.32
(￣￣|||)	HB	0.681	2		0				0	False	0.0002	0.0	0.0	0.0	0.0506	0.1182	0.0667	0.0833	0.681										HB	0.995	HB	0.367
(�sad)	LN	0.442	2		0				1	False	0.1189	0.0082	0.0092	0.009	0.1188	0.1567	0.442	0.0962	0.041										HN-S	0.232	LN	0.732
(�ó_Á⇂)	NB	0.5203	2		0				1	False	0.034	0.0054	0.0072	0.0057	0.1493	0.1018	0.0673	0.5203	0.109										NB	0.933	HN-D	0.296
