first_word	n_prompts_HP-D	n_prompts_HP-S	n_prompts_LP	n_prompts_NP	n_prompts_HN-D	n_prompts_HN-S	n_prompts_LN	n_prompts_NB	n_prompts_HB	mean_log_prob_HP-D	mean_log_prob_HP-S	mean_log_prob_LP	mean_log_prob_NP	mean_log_prob_HN-D	mean_log_prob_HN-S	mean_log_prob_LN	mean_log_prob_NB	mean_log_prob_HB	softmax_HP-D	softmax_HP-S	softmax_LP	softmax_NP	softmax_HN-D	softmax_HN-S	softmax_LN	softmax_NB	softmax_HB	predicted_quadrant	max_softmax	n_face_tokens	is_claude	total_emit_count	empirical_majority_quadrant	total_emit_HP-D	total_emit_HP-S	total_emit_LP	total_emit_NP	total_emit_HN-D	total_emit_HN-S	total_emit_LN	total_emit_NB	total_emit_HB	argmax_matches_empirical
((((;°д°))))	0	0	0	0	0	0	0	0	0	-14.077881745484724	-14.077881745484724	-14.077881745484724	-14.077881745484724	-3.258083461274438	-0.3136634292769754	-14.077881745484724	-14.077881745484724	-1.466340658518608	1e-06	1e-06	1e-06	1e-06	0.038462	0.730765	1e-06	1e-06	0.230768	HN-S	0.730765	1	True	3	HN-S	0	0	0	0	0	3	0	0	0	True
(((;°д°)))	0	0	0	0	0	0	0	0	0	-4.962750928946062	-4.2696537446364085	-14.173191295922578	-14.173191295922578	-3.3533930117122925	-0.40897297971482993	-3.3533930117122925	-14.173191295922578	-1.4075000053182065	0.006994	0.013987	1e-06	1e-06	0.034966	0.664332	0.034966	1e-06	0.244754	HN-S	0.664332	1	True	11	HN-S	0	0	0	0	0	11	0	0	0	True
(((;꒪д꒪)))	0	0	0	0	0	0	0	0	0	-14.054534545023838	-14.054534545023838	-14.054534545023838	-14.054534545023838	-4.150996993737667	-0.2903162288160888	-3.2347362608135515	-14.054534545023838	-1.625314348187454	1e-06	1e-06	1e-06	1e-06	0.015749	0.748027	0.039371	1e-06	0.19685	HN-S	0.748027	1	True	2	HN-S	0	0	0	0	0	2	0	0	0	True
(((o(*°▽°*)o)))	0	0	0	0	0	0	0	0	0	-1.2909868631252752	-0.7444439223063459	-2.302584592996421	-1.8971211515479787	-14.508662238514095	-14.508662238514095	-14.508662238514095	-14.508662238514095	-14.508662238514095	0.274999	0.474998	0.1	0.15	0.0	0.0	0.0	0.0	0.0	HP-S	0.474998	1	True	3	HP-S	0	3	0	0	0	0	0	0	0	True
(((o(*ﾟ▽ﾟ	0	0	0	0	0	0	0	0	0	-1.3350038035652265	-0.7472180275506136	-1.8458280940014395	-2.2512915354498815	-14.457369180967556	-14.457369180967556	-14.457369180967556	-14.457369180967556	-14.457369180967556	0.263157	0.473682	0.157895	0.105263	1e-06	1e-06	1e-06	1e-06	1e-06	HP-S	0.473682	1	True	5	HP-S	0	5	0	0	0	0	0	0	0	True
(((o(°▽°)o)))	0	0	0	0	0	0	0	0	0	-1.3711832918293254	-0.7293303530239058	-2.575151429508817	-1.8820075822655387	-14.493548669231654	-4.590011117945485	-14.493548669231654	-14.493548669231654	-3.673750385021368	0.253806	0.482232	0.076142	0.152284	1e-06	0.010153	1e-06	1e-06	0.025381	HP-S	0.482232	1	True	2	HP-S	0	2	0	0	0	0	0	0	0	True
(;´д`)	0	0	0	0	0	0	0	0	0	-14.077881745484724	-14.077881745484724	-14.077881745484724	-14.077881745484724	-2.1594845057618866	-0.8602063700959048	-0.955516368082395	-14.077881745484724	-2.564946280564495	1e-06	1e-06	1e-06	1e-06	0.115385	0.423075	0.384613	1e-06	0.076923	HN-S	0.423075	1	True	43	LN	0	0	0	0	4	8	27	0	4	False
(;´ヮ`)	0	0	0	0	0	0	0	0	0	-3.583503938643607	-2.484904983131056	-2.197224577336219	-1.9740820260175098	-3.583503938643607	-1.7917611358877774	-2.484904983131056	-2.197224577336219	-1.3862971388876377	0.027778	0.083333	0.111111	0.138889	0.027778	0.166666	0.083333	0.111111	0.249999	HB	0.249999	1	True	1	LN	0	0	0	0	0	0	1	0	0	False
(;╹⌓╹)	0	0	0	0	0	0	0	0	0	-5.010541299077922	-5.010541299077922	-5.010541299077922	-4.317444114768269	-3.401183381844153	-0.6931518472095008	-2.302584426331601	-3.401183381844153	-1.203976582088183	0.006667	0.006667	0.006667	0.013334	0.033334	0.499998	0.1	0.033334	0.299999	HN-S	0.499998	1	True	1	LN	0	0	0	0	0	0	1	0	0	False
(;゚д゚)	0	0	0	0	0	0	0	0	0	-14.220981666054438	-14.220981666054438	-14.220981666054438	-14.220981666054438	-3.401183381844153	-0.45676334984669004	-3.401183381844153	-3.401183381844153	-1.3217593399674445	1e-06	1e-06	1e-06	1e-06	0.033334	0.63333	0.033334	0.033334	0.266666	HN-S	0.63333	1	True	1	HN-S	0	0	0	0	0	1	0	0	0	True
(;・∀・)	0	0	0	0	0	0	0	0	0	-2.970409080993665	-3.6635462617036083	-3.6635462617036083	-2.5649473061910566	-3.6635462617036083	-1.7176532553095223	-2.970409080993665	-1.5841222198269	-1.024507503317944	0.051282	0.025641	0.025641	0.076923	0.025641	0.179487	0.051282	0.205128	0.358973	HB	0.358973	1	True	2	HN-D	0	0	0	0	1	1	0	0	0	False
(;ﾟдﾟ)	0	0	0	0	0	0	0	0	0	-5.099771920613685	-5.099771920613685	-14.310212287590202	-14.310212287590202	-3.4904140033799154	-0.5780822516090471	-3.4904140033799154	-3.4904140033799154	-1.0925369122013822	0.006098	0.006098	1e-06	1e-06	0.030488	0.560973	0.030488	0.030488	0.335365	HN-S	0.560973	1	True	1	HN-S	0	0	0	0	0	1	0	0	0	True
(>_<)	0	0	0	0	0	0	0	0	0	-4.337246624418088	-4.337246624418088	-5.030343808727742	-5.030343808727742	-1.4750928850998866	-0.7819471331083085	-1.811563978867875	-4.337246624418088	-2.322386935981421	0.013072	0.013072	0.006537	0.006537	0.228757	0.457514	0.163398	0.013072	0.098039	HN-S	0.457514	1	True	54	HN-S	0	0	2	5	7	33	2	0	5	True
(>_<;)	0	0	0	0	0	0	0	0	0	-14.220981666054438	-14.220981666054438	-14.220981666054438	-14.220981666054438	-2.302584426331601	-0.567988861118043	-2.0149040205367648	-14.220981666054438	-1.6094405790883228	1e-06	1e-06	1e-06	1e-06	0.1	0.566664	0.133333	1e-06	0.199999	HN-S	0.566664	1	True	14	HN-S	0	0	0	1	0	13	0	0	0	True
(>∀<☆)	0	0	0	0	0	0	0	0	0	-1.0986151458028037	-0.9044593834623581	-2.12823199156237	-1.9459111014326378	-14.557452188398754	-14.557452188398754	-14.557452188398754	-14.557452188398754	-14.557452188398754	0.333332	0.404761	0.119048	0.142857	0.0	0.0	0.0	0.0	0.0	HP-S	0.404761	1	True	10	HP-S	0	10	0	0	0	0	0	0	0	True
(>﹏<)	0	0	0	0	0	0	0	0	0	-4.406674736304032	-4.001226294168119	-5.099771920613685	-5.099771920613685	-2.391815047867364	-0.6572194826538058	-1.5445209969858296	-4.406674736304032	-2.1041346420725273	0.012196	0.018293	0.006098	0.006098	0.091464	0.51829	0.213414	0.012196	0.121951	HN-S	0.51829	1	True	29	HN-S	0	1	0	1	4	16	7	0	0	True
(^o^)	0	0	0	0	0	0	0	0	0	-1.535673846185562	-0.8996861252154221	-1.7869876395474458	-1.9411378431857018	-5.342238563175301	-4.6491413788656475	-5.342238563175301	-3.7328806459415316	-3.7328806459415316	0.215311	0.406697	0.167464	0.143541	0.004785	0.00957	0.004785	0.023924	0.023924	HP-S	0.406697	1	True	12	HP-S	1	6	0	4	0	0	0	1	0	True
(^ω^)	0	0	0	0	0	0	0	0	0	-1.5141295144431302	-1.272967847235999	-1.2039750709870116	-1.832582563744955	-5.521364522855433	-5.521364522855433	-5.521364522855433	-3.9120066056216634	-4.828267338545779	0.22	0.279999	0.299999	0.16	0.004	0.004	0.004	0.02	0.008	LP	0.299999	1	True	2	HP-S	0	2	0	0	0	0	0	0	0	False
(^‿^)	0	0	0	0	0	0	0	0	0	-2.0583886289341264	-1.452254340511423	-1.0169369109638466	-1.5475643384979134	-14.669929715900242	-14.669929715900242	-14.669929715900242	-2.7515324761774047	-14.669929715900242	0.12766	0.234042	0.361701	0.212766	0.0	0.0	0.0	0.06383	0.0	LP	0.361701	1	True	19	LP	0	2	10	4	0	0	0	3	0	True
(^▽^)	0	0	0	0	0	0	0	0	0	-1.8245505823691075	-0.9372490680370839	-1.4678764955711505	-1.6910195468864853	-14.590241872973479	-14.590241872973479	-14.590241872973479	-3.7704435887631935	-4.686704321687309	0.16129	0.391704	0.230414	0.184331	0.0	0.0	0.0	0.023042	0.009217	HP-S	0.391704	1	True	34	NP	4	6	2	11	0	0	0	9	2	False
(`ε´)	0	0	0	0	0	0	0	0	0	-3.3533930117122925	-4.2696537446364085	-4.2696537446364085	-4.2696537446364085	-0.5561304571706912	-2.2547940561997413	-2.66025583100235	-3.3533930117122925	-1.9671136504049047	0.034966	0.013987	0.013987	0.013987	0.573424	0.104895	0.06993	0.034966	0.13986	HN-D	0.573424	1	True	1	HN-D	0	0	0	0	1	0	0	0	0	True
(`・ω・´)	0	0	0	0	0	0	0	0	0	-1.4479899580915148	-2.45958768796266	-2.747268093757497	-1.6486602495140783	-3.152729868560105	-4.762127782194164	-4.762127782194164	-1.2068282908843841	-2.747268093757497	0.235042	0.08547	0.064103	0.192307	0.042735	0.008547	0.008547	0.299145	0.064103	NB	0.299145	1	True	2	LN	0	0	0	0	0	0	1	1	0	False
(¬_¬)	0	0	0	0	0	0	0	0	0	-4.448471640336717	-5.141568824646371	-5.141568824646371	-4.448471640336717	-0.893172149026937	-3.532210907412601	-2.4336119519000494	-1.586317901018515	-1.4527868655358929	0.011696	0.005849	0.005849	0.011696	0.409355	0.02924	0.087719	0.204678	0.233917	HN-D	0.409355	1	True	105	HB	23	0	0	0	9	0	1	5	67	False
(¬‿¬)	0	0	0	0	0	0	0	0	0	-0.7304884760724417	-2.5442212723307587	-2.949683047133367	-2.256540866535922	-2.949683047133367	-4.559080960767426	-4.559080960767426	-2.0333983152172124	-2.5442212723307587	0.481674	0.078534	0.052356	0.104712	0.052356	0.010472	0.010472	0.13089	0.078534	HP-D	0.481674	1	True	73	HP-D	40	0	0	1	1	1	3	17	10	True
(¯³¯)	0	0	0	0	0	0	0	0	0	-2.3671225724713523	-3.4657215279839035	-1.5198285215898175	-2.7725843472739604	-1.6739787252280736	-3.4657215279839035	-2.0794421666765155	-1.856299615357806	-2.3671225724713523	0.09375	0.03125	0.218749	0.0625	0.1875	0.03125	0.125	0.15625	0.09375	LP	0.218749	1	True	1	LP	0	0	1	0	0	0	0	0	0	True
(¯―¯٥)	0	0	0	0	0	0	0	0	0	-14.130327867125795	-14.130327867125795	-4.226790315839626	-3.3105295829155095	-2.6173924022055663	-2.211930627402958	-0.8256412662622341	-1.9242502216081214	-1.701107670289412	1e-06	1e-06	0.014599	0.036497	0.072993	0.109489	0.437954	0.145985	0.182481	LN	0.437954	1	True	1	NB	0	0	0	0	0	0	0	1	0	False
(¯‿¯)	0	0	0	0	0	0	0	0	0	-1.2724120789306337	-2.658702273398325	-1.7424148748445405	-1.8601976327238021	-2.8410227190879587	-4.855882407524626	-3.9396216746005104	-1.6370545814084674	-3.2464844938905673	0.280155	0.070039	0.175097	0.155642	0.058366	0.007782	0.019456	0.194552	0.038911	HP-D	0.280155	1	True	1	LP	0	0	1	0	0	0	0	0	0	False
(¯﹃¯)	0	0	0	0	0	0	0	0	0	-2.4218471726060256	-1.5745531217244912	-1.3232393283626076	-1.7287033253627473	-4.436706861042693	-4.436706861042693	-3.5204461281185773	-1.9110242154924795	-2.827308947408634	0.088758	0.2071	0.266271	0.177514	0.011835	0.011835	0.029586	0.147929	0.059172	LP	0.266271	1	True	1	LP	0	0	1	0	0	0	0	0	0	True
(°□°;)	0	0	0	0	0	0	0	0	0	-4.424802022313803	-4.01935358017789	-14.328339573599973	-14.328339573599973	-3.508541289389687	-0.5962095376188189	-3.508541289389687	-3.508541289389687	-1.110664198211154	0.011977	0.017965	1e-06	1e-06	0.029941	0.550896	0.029941	0.029941	0.32934	HN-S	0.550896	1	True	17	HN-S	0	0	0	0	0	17	0	0	0	True
(°▽°)	0	0	0	0	0	0	0	0	0	-1.6253128048931995	-1.094685377359133	-1.6253128048931995	-1.8484558562085345	-5.5372378153190125	-4.844140631009359	-5.5372378153190125	-2.8292809425726912	-3.2347427173753	0.19685	0.334645	0.19685	0.15748	0.003937	0.007874	0.003937	0.059055	0.03937	HP-S	0.334645	1	True	1	HP-S	0	1	0	0	0	0	0	0	0	True
(°〇°)	0	0	0	0	0	0	0	0	0	-4.369403549903288	-2.9831466876115633	-5.062500734212942	-4.369403549903288	-4.369403549903288	-1.0552657258006388	-3.9639551077673754	-2.3545438614666208	-0.8141040585935081	0.012659	0.050633	0.00633	0.012659	0.012659	0.3481	0.018988	0.094937	0.443036	HB	0.443036	1	True	7	HP-S	0	7	0	0	0	0	0	0	0	False
(°ロ°)	0	0	0	0	0	0	0	0	0	-4.406674736304032	-3.4904140033799154	-5.099771920613685	-5.099771920613685	-3.4904140033799154	-0.7823824687452636	-3.4904140033799154	-2.391815047867364	-1.0925369122013822	0.012196	0.030488	0.006098	0.006098	0.030488	0.457315	0.030488	0.091464	0.335365	HN-S	0.457315	1	True	7	HN-S	1	0	0	1	0	4	0	0	1	True
(´-_-`)	0	0	0	0	0	0	0	0	0	-4.343761267242409	-4.343761267242409	-3.4275005343182934	-3.4275005343182934	-2.7343633536083503	-3.4275005343182934	-0.7884617759326292	-1.3480764924415851	-2.3289015788057417	0.012988	0.012988	0.032468	0.032468	0.064935	0.032468	0.454543	0.259739	0.097403	LN	0.454543	1	True	4	LN	0	0	0	0	0	0	4	0	0	True
(´-`)	0	0	0	0	0	0	0	0	0	-4.574665618917838	-4.574665618917838	-1.7125118795996357	-2.272125524686334	-3.658404885993722	-2.965267705283779	-1.461198086237752	-1.3558377928016787	-2.0489829733676244	0.01031	0.01031	0.180412	0.103093	0.025774	0.051547	0.231958	0.257731	0.128866	NB	0.257731	1	True	53	LN	1	0	0	0	0	3	49	0	0	False
(´-ω-`)	0	0	0	0	0	0	0	0	0	-4.375712683271583	-4.375712683271583	-2.3608529948349157	-3.459451950347467	-3.459451950347467	-2.766314769637524	-0.7514204157128153	-1.513558943953381	-2.766314769637524	0.012579	0.012579	0.09434	0.031447	0.031447	0.062893	0.471696	0.220125	0.062893	LN	0.471696	1	True	9	LN	0	1	0	0	0	1	7	0	0	True
(´-﹏-`;)	0	0	0	0	0	0	0	0	0	-14.328339573599973	-14.328339573599973	-4.424802022313803	-3.508541289389687	-3.508541289389687	-0.8695025310040231	-1.716798486633857	-2.815404108679744	-1.3113344896337171	1e-06	1e-06	0.011977	0.029941	0.029941	0.41916	0.17964	0.059881	0.26946	HN-S	0.41916	1	True	5	LN	0	0	0	0	0	0	5	0	0	False
(´;ω;`)	0	0	0	0	0	0	0	0	0	-13.946546715076357	-13.946546715076357	-4.043009163790187	-13.946546715076357	-13.946546715076357	-2.0281494753535196	-0.18232839886860855	-13.946546715076357	-4.043009163790187	1e-06	1e-06	0.017545	1e-06	1e-06	0.131579	0.833328	1e-06	0.017545	LN	0.833328	1	True	47	LN	0	0	0	0	1	9	37	0	0	True
(´~`)	0	0	0	0	0	0	0	0	0	-4.465863292304959	-4.465863292304959	-3.5496025593808422	-3.5496025593808422	-2.856465378670899	-2.856465378670899	-1.470178517504134	-1.3523957596248726	-1.151725468202309	0.011495	0.011495	0.028736	0.028736	0.057472	0.057472	0.229884	0.25862	0.316091	HB	0.316091	1	True	1	NB	0	0	0	0	0	0	0	1	0	False
(´°̥̥̥̥̥̥	0	0	0	0	0	0	0	0	0	-5.043330928353669	-4.350233744044015	-3.433973011119899	-4.350233744044015	-3.433973011119899	-1.488080004725813	-0.5436201419132433	-3.433973011119899	-2.740835830409956	0.006452	0.012904	0.032259	0.012904	0.032259	0.225806	0.580642	0.032259	0.064516	LN	0.580642	1	True	3	HN-D	0	0	0	0	1	1	1	0	0	False
(´·_·`)	0	0	0	0	0	0	0	0	0	-4.406674736304032	-4.406674736304032	-3.4904140033799154	-3.4904140033799154	-3.4904140033799154	-2.7972768226699727	-0.7823824687452636	-1.4109899615032073	-2.1041346420725273	0.012196	0.012196	0.030488	0.030488	0.030488	0.060976	0.457315	0.243902	0.121951	LN	0.457315	1	True	3	HN-S	0	0	0	0	0	3	0	0	0	False
(´˘`)	0	0	0	0	0	0	0	0	0	-3.4781439785384047	-2.379545023025853	-0.5337239465409418	-1.3987199366616963	-14.297942262748691	-14.297942262748691	-4.394404711462521	-3.4781439785384047	-14.297942262748691	0.030865	0.092593	0.586417	0.246913	1e-06	1e-06	0.012346	0.030865	1e-06	LP	0.586417	1	True	7	LP	0	0	7	0	0	0	0	0	0	True
(´ε`)	0	0	0	0	0	0	0	0	0	-2.2460145034115753	-2.533694909206412	-0.7990993439928539	-1.5528698228422553	-4.548554597643079	-4.548554597643079	-3.6322938647189633	-2.533694909206412	-3.6322938647189633	0.10582	0.079365	0.449734	0.21164	0.010582	0.010582	0.026455	0.079365	0.026455	LP	0.449734	1	True	1	LP	0	0	1	0	0	0	0	0	0	True
(´ω`)	0	0	0	0	0	0	0	0	0	-3.605482736667268	-2.5068837811547167	-0.7722882159411584	-1.4082759369112983	-5.214840653901038	-5.214840653901038	-3.605482736667268	-1.9960608240411704	-4.521743469591384	0.027174	0.081522	0.461955	0.244565	0.005435	0.005435	0.027174	0.135869	0.01087	LP	0.461955	1	True	78	LN	7	4	12	7	9	10	17	2	10	False
(´ω`♡)	0	0	0	0	0	0	0	0	0	-3.508541289389687	-1.8991193767635894	-0.5641212573922244	-1.429117247512979	-14.328339573599973	-14.328339573599973	-14.328339573599973	-4.424802022313803	-14.328339573599973	0.029941	0.1497	0.56886	0.23952	1e-06	1e-06	1e-06	0.011977	1e-06	LP	0.56886	1	True	4	LP	0	0	3	0	0	0	1	0	0	True
(´‿`)	0	0	0	0	0	0	0	0	0	-2.6390549486759163	-1.7917608977943817	-0.8473010349818119	-1.4350868109964245	-14.557452188398754	-14.557452188398754	-14.557452188398754	-2.3513745428810795	-14.557452188398754	0.071429	0.166666	0.42857	0.238095	0.0	0.0	0.0	0.095238	0.0	LP	0.42857	1	True	1	LP	0	0	1	0	0	0	0	0	0	True
(´∀`)	0	0	0	0	0	0	0	0	0	-2.014903687206487	-1.504079396770274	-0.9734519692362076	-1.504079396770274	-14.626444774172603	-14.626444774172603	-14.626444774172603	-3.113509309252374	-14.626444774172603	0.133333	0.222222	0.377777	0.222222	0.0	0.0	0.0	0.044445	0.0	LP	0.377777	1	True	12	LP	1	1	8	1	0	0	0	0	1	True
(´∡`✿)	0	0	0	0	0	0	0	0	0	-2.6342816904289803	-2.1234587333154344	-0.8996861252154225	-1.430313552749489	-4.649141378865648	-4.649141378865648	-3.732880645941532	-2.346601284634144	-3.732880645941532	0.071771	0.119617	0.406697	0.239234	0.00957	0.00957	0.023924	0.095694	0.023924	LP	0.406697	1	True	1	LP	0	0	1	0	0	0	0	0	0	True
(´∩ω∩`)	0	0	0	0	0	0	0	0	0	-3.5666969050725617	-2.1804175437651736	-0.7335023843464519	-1.7749541023167315	-4.482957637996678	-2.46809794956001	-3.5666969050725617	-3.5666969050725617	-2.8735597243626185	0.028249	0.112994	0.480224	0.169491	0.0113	0.084746	0.028249	0.028249	0.056497	LP	0.480224	1	True	1	HN-S	0	0	0	0	0	1	0	0	0	False
(´▽`)	0	0	0	0	0	0	0	0	0	-2.614957501626019	-1.3156793659600374	-0.8803619364124609	-1.5163496573826007	-14.533354741348857	-14.533354741348857	-14.533354741348857	-3.7135564571385706	-14.533354741348857	0.073171	0.268292	0.414633	0.219512	0.0	0.0	0.0	0.024391	0.0	LP	0.414633	1	True	81	LP	3	6	45	15	0	1	2	9	0	True
(´・_・`)	0	0	0	0	0	0	0	0	0	-4.375712683271583	-4.375712683271583	-3.459451950347467	-3.459451950347467	-3.459451950347467	-2.766314769637524	-0.820413191961803	-1.380027908470759	-2.073172589040079	0.012579	0.012579	0.031447	0.031447	0.031447	0.062893	0.44025	0.251572	0.125786	LN	0.44025	1	True	40	LN	0	0	0	1	0	10	24	3	2	True
(´・̥̥̥ω・̥̥	0	0	0	0	0	0	0	0	0	-4.851937300144565	-4.851937300144565	-3.242579382910795	-4.158840115834911	-4.158840115834911	-2.1439804273982435	-0.3302476311399269	-3.242579382910795	-3.242579382910795	0.007813	0.007813	0.039063	0.015626	0.015626	0.117187	0.718746	0.039063	0.039063	LN	0.718746	1	True	1	LN	0	0	0	0	0	0	1	0	0	True
(´・̥ω・̥`)	0	0	0	0	0	0	0	0	0	-13.997839614730104	-13.997839614730104	-3.178041330519818	-13.997839614730104	-13.997839614730104	-2.0794423750072664	-0.2336212985223553	-13.997839614730104	-3.178041330519818	1e-06	1e-06	0.041667	1e-06	1e-06	0.125	0.791662	1e-06	0.041667	LN	0.791662	1	True	5	HN-S	0	0	0	0	1	2	2	0	0	False
(´・ω・`)	0	0	0	0	0	0	0	0	0	-4.406674736304032	-4.406674736304032	-1.880992090753818	-2.7972768226699727	-3.4904140033799154	-3.4904140033799154	-1.0925369122013822	-1.293207203623946	-2.391815047867364	0.012196	0.012196	0.152439	0.060976	0.030488	0.030488	0.335365	0.274389	0.091464	LN	0.335365	1	True	114	NB	2	0	21	13	1	11	27	28	11	False
(´・︵・`)	0	0	0	0	0	0	0	0	0	-4.795697988585275	-4.795697988585275	-3.186340071351505	-4.102600804275621	-4.102600804275621	-2.493202890641562	-0.3531455506253956	-2.493202890641562	-3.186340071351505	0.008265	0.008265	0.041323	0.01653	0.01653	0.082645	0.702475	0.082645	0.041323	LN	0.702475	1	True	1	LN	0	0	0	0	0	0	1	0	0	True
(´・︿・`)	0	0	0	0	0	0	0	0	0	-4.867441378508208	-4.867441378508208	-3.258083461274438	-3.768895752062641	-3.258083461274438	-2.1594845057618866	-0.42488894054832843	-2.564946280564495	-3.258083461274438	0.007693	0.007693	0.038462	0.023078	0.038462	0.115385	0.653842	0.076923	0.038462	LN	0.653842	1	True	1	HN-D	0	0	0	0	1	0	0	0	0	False
(´︶`)	0	0	0	0	0	0	0	0	0	-3.5553332045333295	-1.7635904017774993	-0.6109131725358666	-1.4759091626566212	-14.375131488743616	-14.375131488743616	-14.375131488743616	-3.5553332045333295	-14.375131488743616	0.028572	0.171428	0.542855	0.228571	1e-06	1e-06	1e-06	0.028572	1e-06	LP	0.542855	1	True	3	HP-D	1	1	0	0	0	0	1	0	0	False
(´｡_｡`)	0	0	0	0	0	0	0	0	0	-4.851937300144565	-4.851937300144565	-3.242579382910795	-4.158840115834911	-4.158840115834911	-2.549442202200852	-0.3302476311399269	-2.549442202200852	-3.242579382910795	0.007813	0.007813	0.039063	0.015626	0.015626	0.078125	0.718746	0.078125	0.039063	LN	0.718746	1	True	2	LN	0	0	0	0	0	0	2	0	0	True
(´｡・ω・｡`)	0	0	0	0	0	0	0	0	0	-3.6000331586280114	-2.5014342031154597	-0.8527809621220623	-1.6541401522339252	-4.516293891552127	-3.6000331586280114	-2.5014342031154597	-2.2137537973206234	-3.1300370292604027	0.027323	0.081967	0.426228	0.191256	0.010929	0.027323	0.081967	0.10929	0.043716	LP	0.426228	1	True	7	LP	0	0	3	0	0	0	3	1	0	True
(´｡・‿・｡`)	0	0	0	0	0	0	0	0	0	-2.590264998791257	-1.7429709479097226	-0.7444439223063459	-1.3862968611117654	-14.508662238514095	-14.508662238514095	-14.508662238514095	-3.6888639543038084	-14.508662238514095	0.075	0.175	0.474998	0.249999	0.0	0.0	0.0	0.025	0.0	LP	0.474998	1	True	42	LP	0	0	22	6	0	0	11	3	0	True
(˘³˘)	0	0	0	0	0	0	0	0	0	-2.5014342031154597	-1.9906112460019139	-0.7096802894213554	-1.520609116751303	-4.516293891552127	-5.209391075861781	-4.110845449416215	-3.6000331586280114	-4.516293891552127	0.081967	0.136612	0.491801	0.218579	0.010929	0.005465	0.016394	0.027323	0.010929	LP	0.491801	1	True	73	LP	7	0	27	6	4	3	13	11	2	True
(˘ω˘)	0	0	0	0	0	0	0	0	0	-3.5666969050725617	-3.5666969050725617	-0.6543651533016932	-1.4872728631958534	-14.386495189282847	-14.386495189282847	-3.5666969050725617	-1.7749541023167315	-14.386495189282847	0.028249	0.028249	0.519772	0.225988	1e-06	1e-06	0.028249	0.169491	1e-06	LP	0.519772	1	True	39	LP	2	0	28	6	0	0	0	3	0	True
(‿‿‿)	0	0	0	0	0	0	0	0	0	-4.375712683271583	-4.375712683271583	-2.3608529948349157	-2.766314769637524	-3.459451950347467	-2.766314769637524	-1.0615748591689338	-1.380027908470759	-2.073172589040079	0.012579	0.012579	0.09434	0.062893	0.031447	0.062893	0.345911	0.251572	0.125786	LN	0.345911	1	True	51	LP	3	2	20	9	0	0	0	16	1	False
(‿‿‿✿)	0	0	0	0	0	0	0	0	0	-3.7135564571385706	-3.0204192764286275	-1.3156793659600374	-1.9218136543827407	-3.7135564571385706	-3.0204192764286275	-1.7676634507444846	-1.6341324152618624	-2.614957501626019	0.024391	0.048781	0.268292	0.146341	0.024391	0.048781	0.170731	0.195122	0.073171	LP	0.268292	1	True	5	LP	0	0	5	0	0	0	0	0	0	True
(≧‿≦)	0	0	0	0	0	0	0	0	0	-1.3156793659600374	-0.8803619364124609	-1.7676634507444846	-1.9218136543827407	-14.533354741348857	-14.533354741348857	-14.533354741348857	-14.533354741348857	-14.533354741348857	0.268292	0.414633	0.170731	0.146341	0.0	0.0	0.0	0.0	0.0	HP-S	0.414633	1	True	172	HP-S	21	42	32	25	12	10	2	13	15	True
(≧∇≦)	0	0	0	0	0	0	0	0	0	-1.1856268474650742	-0.6931510694369516	-2.484904983131056	-2.1972245773362196	-14.403302222853894	-14.403302222853894	-14.403302222853894	-14.403302222853894	-14.403302222853894	0.305555	0.499998	0.083333	0.111111	1e-06	1e-06	1e-06	1e-06	1e-06	HP-S	0.499998	1	True	6	HP-S	0	5	1	0	0	0	0	0	0	True
(≧▽≦)	0	0	0	0	0	0	0	0	0	-1.2501650561041588	-0.7357103955118239	-2.549443191770141	-1.8562993445268623	-14.467840431492979	-14.467840431492979	-14.467840431492979	-14.467840431492979	-14.467840431492979	0.286458	0.479165	0.078125	0.15625	1e-06	1e-06	1e-06	1e-06	1e-06	HP-S	0.479165	1	True	132	HP-S	17	49	7	28	2	1	5	14	9	True
(⌒‿⌒)	0	0	0	0	0	0	0	0	0	-2.420367128654929	-1.5040793967702744	-0.9162936207556615	-1.408769398783784	-14.626444774172603	-14.626444774172603	-14.626444774172603	-3.1135093092523745	-14.626444774172603	0.088889	0.222222	0.399999	0.244444	0.0	0.0	0.0	0.044445	0.0	LP	0.399999	1	True	32	NB	7	1	8	6	0	0	0	9	1	False
(╥_╥)	0	0	0	0	0	0	0	0	0	-13.946546715076357	-13.946546715076357	-13.946546715076357	-13.946546715076357	-4.043009163790187	-2.0281494753535196	-0.16149433366948793	-13.946546715076357	-13.946546715076357	1e-06	1e-06	1e-06	1e-06	0.017545	0.131579	0.850871	1e-06	1e-06	LN	0.850871	1	True	55	HN-D	1	1	0	0	25	10	11	1	6	False
(╥﹏╥)	0	0	0	0	0	0	0	0	0	-14.093149112721129	-14.093149112721129	-14.093149112721129	-14.093149112721129	-4.189611561434958	-1.3274578221167563	-0.3289307965133796	-14.093149112721129	-14.093149112721129	1e-06	1e-06	1e-06	1e-06	0.015152	0.26515	0.719693	1e-06	1e-06	LN	0.719693	1	True	104	HN-S	2	10	0	0	33	40	12	1	6	False
(╬	0	0	0	0	0	0	0	0	0	-13.946546715076357	-13.946546715076357	-13.946546715076357	-13.946546715076357	-0.21441667909520296	-2.0281494753535196	-4.043009163790187	-13.946546715076357	-3.1267484308660713	1e-06	1e-06	1e-06	1e-06	0.807012	0.131579	0.017545	1e-06	0.04386	HN-D	0.807012	1	True	1	HN-S	0	0	0	0	0	1	0	0	0	False
(╬Ò﹏Ó)	0	0	0	0	0	0	0	0	0	-5.030343808727742	-5.030343808727742	-5.030343808727742	-5.030343808727742	-0.5086541397231042	-1.4750928850998866	-2.322386935981421	-4.337246624418088	-3.4209858914939724	0.006537	0.006537	0.006537	0.006537	0.601304	0.228757	0.098039	0.013072	0.03268	HN-D	0.601304	1	True	45	HN-D	0	0	0	0	26	19	0	0	0	True
(╬ಠ益ಠ)	0	0	0	0	0	0	0	0	0	-13.864309293525544	-13.864309293525544	-13.864309293525544	-13.864309293525544	-0.06900042247114577	-3.0445110093152574	-13.864309293525544	-13.864309293525544	-3.9607717422393733	1e-06	1e-06	1e-06	1e-06	0.933326	0.04762	1e-06	1e-06	0.019048	HN-D	0.933326	1	True	49	HN-D	0	0	0	0	48	1	0	0	0	True
(╬⊙△⊙)	0	0	0	0	0	0	0	0	0	-4.400558542953925	-5.093655727263578	-14.304096094240094	-14.304096094240094	-0.6511032893036991	-1.0864207188512753	-4.400558542953925	-3.995110100818012	-2.385698854517257	0.01227	0.006136	1e-06	1e-06	0.52147	0.337422	0.01227	0.018405	0.092025	HN-D	0.52147	1	True	1	HN-S	0	0	0	0	0	1	0	0	0	False
(╯°□°)	0	0	0	0	0	0	0	0	0	-3.5553332045333295	-4.471593937457445	-5.164691121767099	-5.164691121767099	-0.643001452762461	-1.3581264047773598	-4.471593937457445	-4.471593937457445	-1.9459112919072317	0.028572	0.011429	0.005715	0.005715	0.525712	0.257142	0.011429	0.011429	0.142857	HN-D	0.525712	1	True	571	HN-D	10	10	5	14	383	60	11	8	70	True
(╯︵╰,)	0	0	0	0	0	0	0	0	0	-13.946546715076357	-13.946546715076357	-13.946546715076357	-13.946546715076357	-4.043009163790187	-2.0281494753535196	-0.18232839886860855	-13.946546715076357	-4.043009163790187	1e-06	1e-06	1e-06	1e-06	0.017545	0.131579	0.833328	1e-06	0.017545	LN	0.833328	1	True	1	HN-D	0	0	0	0	1	0	0	0	0	False
(◎_◎;)	0	0	0	0	0	0	0	0	0	-5.164691121767099	-5.164691121767099	-5.164691121767099	-4.471593937457445	-3.5553332045333295	-0.7221386838072199	-2.8621960238233863	-2.456734249020778	-1.1574561133547963	0.005715	0.005715	0.005715	0.011429	0.028572	0.485712	0.057143	0.085714	0.314285	HN-S	0.485712	1	True	1	HP-S	0	1	0	0	0	0	0	0	0	False
(◕‿◕)	0	0	0	0	0	0	0	0	0	-2.4292167086897614	-1.8696030636030632	-0.9251432007904933	-1.417618978818616	-14.635294354207435	-14.635294354207435	-14.635294354207435	-2.2060741573710514	-4.731756802921265	0.088106	0.154185	0.396475	0.24229	0.0	0.0	0.0	0.110132	0.008811	LP	0.396475	1	True	95	HP-S	5	31	27	12	0	0	1	19	0	False
(◕‿◕✿)	0	0	0	0	0	0	0	0	0	-2.6485336521993657	-1.8012396013178311	-0.8348008559410488	-1.3492555165333837	-14.566930891922203	-14.566930891922203	-14.566930891922203	-2.6485336521993657	-14.566930891922203	0.070755	0.165094	0.433961	0.259433	0.0	0.0	0.0	0.070755	0.0	LP	0.433961	1	True	243	LP	32	16	62	23	3	13	8	59	27	True
(◕‿◕｡)	0	0	0	0	0	0	0	0	0	-2.62466627333535	-1.7773722224538153	-0.8329123596412454	-1.5260584290919315	-14.543063513058188	-14.543063513058188	-14.543063513058188	-2.3369858675405135	-4.6395259617720175	0.072464	0.169082	0.434781	0.217391	0.0	0.0	0.0	0.096618	0.009662	LP	0.434781	1	True	2	LP	0	0	1	1	0	0	0	0	0	True
(☀´▽`)	0	0	0	0	0	0	0	0	0	-2.036882506969085	-1.1895865513392507	-1.1205937750902628	-1.5260582165328715	-14.6484235939352	-14.6484235939352	-14.6484235939352	-3.8286253097249148	-14.6484235939352	0.130435	0.304347	0.326086	0.217391	0.0	0.0	0.0	0.021739	0.0	LP	0.326086	1	True	1	NB	0	0	0	0	0	0	0	1	0	False
(★≧▽^)	0	0	0	0	0	0	0	0	0	-0.9279897812052003	-1.1221455435456458	-2.3749049406239218	-1.9694414991754798	-14.580982586141596	-14.580982586141596	-14.580982586141596	-3.76118430193131	-3.76118430193131	0.395348	0.32558	0.093023	0.139535	0.0	0.0	0.0	0.023256	0.023256	HP-D	0.395348	1	True	2	HP-S	0	2	0	0	0	0	0	0	0	False
(★▽★)	0	0	0	0	0	0	0	0	0	-1.2859743439146942	-0.850656914367118	-2.07442952246713	-1.8921086323373977	-14.503649719303514	-14.503649719303514	-14.503649719303514	-4.600112168017343	-4.600112168017343	0.276381	0.427134	0.125628	0.150754	1e-06	1e-06	1e-06	0.010051	0.010051	HP-S	0.427134	1	True	3	HP-S	0	3	0	0	0	0	0	0	0	True
(☆▽☆)	0	0	0	0	0	0	0	0	0	-1.6341324152618624	-0.8012247053677022	-1.9218136543827407	-1.7676634507444846	-5.32291437437234	-5.32291437437234	-5.32291437437234	-4.6298171900626865	-4.224368747926774	0.195122	0.448779	0.146341	0.170731	0.004879	0.004879	0.004879	0.009757	0.014635	HP-S	0.448779	1	True	2	HP-S	0	2	0	0	0	0	0	0	0	True
(♡˃͈̑‿	0	0	0	0	0	0	0	0	0	-2.614957501626019	-1.3156793659600374	-0.8803619364124609	-1.6341324152618624	-14.533354741348857	-14.533354741348857	-14.533354741348857	-3.7135564571385706	-3.7135564571385706	0.073171	0.268292	0.414633	0.195122	0.0	0.0	0.0	0.024391	0.024391	LP	0.414633	1	True	1	HP-S	0	1	0	0	0	0	0	0	0	False
(♡˙︶˙♡)	0	0	0	0	0	0	0	0	0	-3.5779329215269726	-1.6320399151328868	-0.6126788243303893	-1.4985088796502646	-14.397731205737259	-14.397731205737259	-14.397731205737259	-4.494193654451089	-14.397731205737259	0.027933	0.19553	0.541897	0.223463	1e-06	1e-06	1e-06	0.011174	1e-06	LP	0.541897	1	True	2	HP-S	0	1	0	0	0	0	0	1	0	False
(♡‿♡)	0	0	0	0	0	0	0	0	0	-2.590264998791257	-1.2909868631252752	-0.7985110850971527	-1.6094399124271004	-14.508662238514095	-14.508662238514095	-14.508662238514095	-14.508662238514095	-14.508662238514095	0.075	0.274999	0.449998	0.2	0.0	0.0	0.0	0.0	0.0	LP	0.449998	1	True	7	HP-S	0	7	0	0	0	0	0	0	0	False
(✿◕‿◕✿)	0	0	0	0	0	0	0	0	0	-2.6625853464187585	-1.3633072107527766	-0.8708314327246541	-1.458617208739267	-14.580982586141596	-14.580982586141596	-14.580982586141596	-3.76118430193131	-14.580982586141596	0.069768	0.255813	0.418603	0.232558	0.0	0.0	0.0	0.023256	0.0	LP	0.418603	1	True	4	LP	0	1	2	0	0	0	0	1	0	True
(〃・ω・)	0	0	0	0	0	0	0	0	0	-2.6625853464187585	-1.8152912955372238	-0.9279897812052003	-1.4586172087392668	-14.580982586141596	-14.580982586141596	-14.580982586141596	-2.1517623893052122	-3.76118430193131	0.069768	0.16279	0.395348	0.232558	0.0	0.0	0.0	0.116279	0.023256	LP	0.395348	1	True	1	HP-S	0	1	0	0	0	0	0	0	0	False
(ノಠ益ಠ)	0	0	0	0	0	0	0	0	0	-4.06040077038697	-4.753497954696623	-13.963938321673139	-13.963938321673139	-0.1686294506187418	-2.4510028567529103	-13.963938321673139	-13.963938321673139	-3.1441400374628534	0.017242	0.008621	1e-06	1e-06	0.844822	0.086207	1e-06	1e-06	0.043104	HN-D	0.844822	1	True	1	HP-S	0	1	0	0	0	0	0	0	0	False
(ノ◕ヮ◕)	0	0	0	0	0	0	0	0	0	-1.3397768130099343	-0.9044593834623581	-2.12823199156237	-1.9459111014326378	-4.6539146371125835	-4.6539146371125835	-5.347011821422238	-3.7376539041884675	-3.7376539041884675	0.261904	0.404761	0.119048	0.142857	0.009524	0.009524	0.004762	0.02381	0.02381	HP-S	0.404761	1	True	30	HP-S	0	30	0	0	0	0	0	0	0	True
(・_・)	0	0	0	0	0	0	0	0	0	-4.310755166885686	-4.310755166885686	-3.39449443396157	-3.39449443396157	-3.39449443396157	-3.39449443396157	-2.701357253251627	-0.5612999132354604	-1.6027516312057402	0.013423	0.013423	0.033558	0.033558	0.033558	0.033558	0.067114	0.570467	0.201342	NB	0.570467	1	True	173	NB	13	4	3	0	11	17	16	92	17	True
(・_・;)	0	0	0	0	0	0	0	0	0	-5.14739971435757	-5.14739971435757	-4.454302530047916	-4.0488540879120025	-3.5380417971237996	-1.1401647059452666	-2.844904616413857	-1.9286198844977023	-0.8990030387381357	0.005815	0.005815	0.011628	0.017442	0.02907	0.319766	0.05814	0.145349	0.406975	HB	0.406975	1	True	67	NB	1	0	0	0	0	17	2	31	16	False
(・_・?)	0	0	0	0	0	0	0	0	0	-4.297241529898987	-4.297241529898987	-3.891793087763074	-3.891793087763074	-4.297241529898987	-3.3809807969748706	-3.891793087763074	-1.4350877905807848	-0.4686490452040025	0.013606	0.013606	0.020409	0.020409	0.013606	0.034014	0.020409	0.238094	0.625847	HB	0.625847	1	True	19	NB	0	0	0	0	0	0	0	16	3	False
(・_・ヾ	0	0	0	0	0	0	0	0	0	-3.6000331586280114	-4.110845449416215	-2.9068959779180683	-2.9068959779180683	-3.6000331586280114	-2.2137537973206234	-2.5014342031154597	-1.2974660654359682	-1.0351022625061221	0.027323	0.016394	0.054645	0.054645	0.027323	0.10929	0.081967	0.273223	0.35519	HB	0.35519	1	True	8	NB	2	0	0	0	0	1	0	3	2	False
(・́︿・̀)	0	0	0	0	0	0	0	0	0	-13.972521999052045	-13.972521999052045	-4.068984447765875	-13.972521999052045	-3.15272371484176	-2.0541247593292082	-0.3195291941156502	-3.15272371484176	-3.15272371484176	1e-06	1e-06	0.017095	1e-06	0.042736	0.128205	0.726491	0.042736	0.042736	LN	0.726491	1	True	1	HN-S	0	0	0	0	0	1	0	0	0	False
(・ω・)	0	0	0	0	0	0	0	0	0	-2.6246662733353494	-3.030128048137958	-1.5260584290919312	-1.9315224260920711	-4.639525961772017	-4.639525961772017	-4.234077519636104	-0.8900707081217915	-2.6246662733353494	0.072464	0.048309	0.217391	0.144927	0.009662	0.009662	0.014493	0.410627	0.072464	NB	0.410627	1	True	31	NB	2	0	1	0	0	0	0	28	0	True
(・ω・?)	0	0	0	0	0	0	0	0	0	-3.5145114242976634	-3.5145114242976634	-2.415912468785112	-2.8213742435877207	-4.43077215722178	-3.5145114242976634	-4.025323715085867	-1.3173046245416937	-0.7672592277917147	0.029762	0.029762	0.089286	0.059524	0.011905	0.029762	0.017858	0.267856	0.464284	HB	0.464284	1	True	1	NB	0	0	0	0	0	0	0	1	0	False
(・―・)	0	0	0	0	0	0	0	0	0	-4.406674736304032	-4.406674736304032	-2.7972768226699727	-3.4904140033799154	-3.4904140033799154	-2.7972768226699727	-1.6986712006240854	-0.9254831072580263	-1.5445209969858296	0.012196	0.012196	0.060976	0.030488	0.030488	0.060976	0.182926	0.39634	0.213414	NB	0.39634	1	True	1	NB	0	0	0	0	0	0	0	1	0	True
(・‿・)	0	0	0	0	0	0	0	0	0	-2.7035932019574567	-2.1927702448439104	-1.0941606228353562	-1.6049853577140385	-5.411550074703778	-5.411550074703778	-4.718452890394124	-1.404315066291475	-3.802192157470008	0.066964	0.111607	0.334821	0.200892	0.004465	0.004465	0.008929	0.245535	0.022322	LP	0.334821	1	True	56	NP	2	0	9	23	0	0	0	19	3	False
(・∀・)	0	0	0	0	0	0	0	0	0	-1.2568385238424886	-1.4980001910496192	-1.8164532403514444	-1.698670482472183	-4.812138015152269	-4.812138015152269	-4.812138015152269	-2.286455369602055	-3.8958772822281524	0.284552	0.223577	0.162601	0.182927	0.00813	0.00813	0.00813	0.101626	0.020326	HP-D	0.284552	1	True	21	NB	1	0	0	0	0	1	0	19	0	False
(灬°‿°灬)	0	0	0	0	0	0	0	0	0	-2.1377106950858193	-1.3492555165333837	-0.9139380869858075	-1.6677085658352089	-14.566930891922203	-14.566930891922203	-14.566930891922203	-3.747132607711917	-4.663393340636033	0.117924	0.259433	0.400942	0.188679	0.0	0.0	0.0	0.023585	0.009434	LP	0.400942	1	True	1	LP	0	0	1	0	0	0	0	0	0	True
(＠_＠;)	0	0	0	0	0	0	0	0	0	-5.192861855877377	-5.192861855877377	-5.192861855877377	-4.499764671567723	-3.583503938643607	-0.7503094179174977	-2.8903667579336645	-3.583503938643607	-0.9444651802579433	0.005556	0.005556	0.005556	0.011112	0.027778	0.47222	0.055556	0.027778	0.388888	HN-S	0.47222	1	True	1	HN-S	0	0	0	0	0	1	0	0	0	True
(＾▽＾)	0	0	0	0	0	0	0	0	0	-1.7272224480856089	-0.9734519692362076	-1.4087693987837837	-1.7272224480856089	-14.626444774172603	-14.626444774172603	-14.626444774172603	-3.806646489962317	-14.626444774172603	0.177778	0.377777	0.244444	0.177778	0.0	0.0	0.0	0.022223	0.0	HP-S	0.377777	1	True	5	LP	0	0	2	1	0	0	0	2	0	False
(｡-ω-)	0	0	0	0	0	0	0	0	0	-3.5438388845622826	-4.054651175350486	-1.1459617933837494	-2.1575595232548945	-3.5438388845622826	-3.5438388845622826	-1.5979458781681968	-1.4644148426855743	-3.5438388845622826	0.028902	0.017342	0.317918	0.115607	0.028902	0.028902	0.202312	0.231213	0.028902	LP	0.317918	1	True	7	LP	0	0	7	0	0	0	0	0	0	True
(｡-‿-｡)	0	0	0	0	0	0	0	0	0	-1.6905072018209166	-2.5014346402694985	-1.0545194808507767	-1.5851469083848433	-4.803974734501002	-4.803974734501002	-3.887714001576886	-2.0959711988210565	-3.887714001576886	0.184426	0.081967	0.34836	0.204918	0.008197	0.008197	0.020492	0.122951	0.020492	LP	0.34836	1	True	3	LP	0	0	2	0	0	0	0	1	0	True
(｡>﹏<｡)	0	0	0	0	0	0	0	0	0	-4.418796030718606	-3.50253529779449	-3.50253529779449	-4.418796030718606	-2.809398117084547	-0.6693407770683802	-1.4231112559177816	-4.418796030718606	-2.4039363422819386	0.012049	0.030121	0.030121	0.012049	0.060241	0.512046	0.240963	0.012049	0.090362	HN-S	0.512046	1	True	11	HN-S	0	1	0	1	0	9	0	0	0	True
(｡´‿`｡)	0	0	0	0	0	0	0	0	0	-3.6635462617036083	-1.7176532553095223	-0.7191262297061456	-1.265669170525075	-14.483344545913894	-14.483344545913894	-14.483344545913894	-3.6635462617036083	-14.483344545913894	0.025641	0.179487	0.487178	0.28205	1e-06	1e-06	1e-06	0.025641	1e-06	LP	0.487178	1	True	1	LP	0	0	1	0	0	0	0	0	0	True
(｡˃‿˂)	0	0	0	0	0	0	0	0	0	-1.7346023625738898	-1.0986146416037499	-1.2927704039441954	-1.6292420691378164	-14.751607446540145	-14.751607446540145	-14.751607446540145	-3.9318091623298597	-14.751607446540145	0.17647	0.333333	0.274509	0.196078	0.0	0.0	0.0	0.019608	0.0	HP-S	0.333333	1	True	52	HP-S	4	25	3	20	0	0	0	0	0	True
(｡˘-˘｡)	0	0	0	0	0	0	0	0	0	-3.723265228847901	-3.723265228847901	-0.8900707081217915	-1.5260584290919312	-4.639525961772017	-3.723265228847901	-2.1138433162218035	-1.9315224260920711	-3.723265228847901	0.024155	0.024155	0.410627	0.217391	0.009662	0.024155	0.120773	0.144927	0.024155	LP	0.410627	1	True	1	LP	0	0	1	0	0	0	0	0	0	True
(｡˘³˘)	0	0	0	0	0	0	0	0	0	-2.4737317387124236	-2.1860513329175872	-0.6599989424541068	-1.4929066523482668	-5.181688611458745	-5.181688611458745	-4.488591427149091	-3.572330694224975	-4.488591427149091	0.08427	0.11236	0.516852	0.224719	0.005619	0.005619	0.011236	0.02809	0.011236	LP	0.516852	1	True	4	LP	0	0	4	0	0	0	0	0	0	True
(｡˘ω˘｡)	0	0	0	0	0	0	0	0	0	-3.4657215279839035	-2.3671225724713523	-0.5213014959864409	-1.3862974861071953	-14.28551981219419	-14.28551981219419	-14.28551981219419	-3.4657215279839035	-14.28551981219419	0.03125	0.09375	0.593747	0.249999	1e-06	1e-06	1e-06	0.03125	1e-06	LP	0.593747	1	True	4	LP	0	0	4	0	0	0	0	0	0	True
(｡╯︵╰｡)	0	0	0	0	0	0	0	0	0	-13.91082891955331	-13.91082891955331	-13.91082891955331	-13.91082891955331	-13.91082891955331	-1.9924316798304724	-0.14661060334556145	-13.91082891955331	-13.91082891955331	1e-06	1e-06	1e-06	1e-06	1e-06	0.136363	0.86363	1e-06	1e-06	LN	0.86363	1	True	87	LN	0	1	0	0	0	0	86	0	0	True
(｡◕‿◕｡)	0	0	0	0	0	0	0	0	0	-2.614957501626019	-1.6341324152618624	-0.8232035879319147	-1.4109893639465276	-14.533354741348857	-14.533354741348857	-14.533354741348857	-3.0204192764286275	-14.533354741348857	0.073171	0.195122	0.439023	0.243902	0.0	0.0	0.0	0.048781	0.0	LP	0.439023	1	True	156	NB	3	1	32	32	0	0	0	88	0	False
(｡♥‿♥｡)	0	0	0	0	0	0	0	0	0	-1.9459111014326378	-1.3397768130099343	-0.9044593834623581	-1.6582298623117593	-14.557452188398754	-14.557452188398754	-14.557452188398754	-14.557452188398754	-14.557452188398754	0.142857	0.261904	0.404761	0.190476	0.0	0.0	0.0	0.0	0.0	LP	0.404761	1	True	181	LP	12	18	76	70	0	0	0	5	0	True
(｡・̀‿-)	0	0	0	0	0	0	0	0	0	-1.0745176987529064	-1.6341324152618621	-1.2286681404852948	-1.9218136543827404	-14.533354741348857	-14.533354741348857	-14.533354741348857	-3.71355645713857	-14.533354741348857	0.341462	0.195122	0.292682	0.146341	0.0	0.0	0.0	0.024391	0.0	HP-D	0.341462	1	True	54	NB	0	1	5	10	0	0	0	38	0	False
(｡・́‿・̀｡)	0	0	0	0	0	0	0	0	0	-2.590264998791257	-1.3862968611117654	-0.8556694335776991	-1.4916571545478388	-14.508662238514095	-14.508662238514095	-14.508662238514095	-3.6888639543038084	-14.508662238514095	0.075	0.249999	0.424999	0.224999	0.0	0.0	0.0	0.025	0.0	LP	0.424999	1	True	8	LN	0	0	1	0	0	2	3	2	0	False
(｡・́︵・̀｡)	0	0	0	0	0	0	0	0	0	-14.030629195619396	-14.030629195619396	-4.127091644333226	-14.030629195619396	-4.127091644333226	-2.1122319558965588	-0.26641087941164754	-3.21083091140911	-3.21083091140911	1e-06	1e-06	0.01613	1e-06	0.01613	0.120968	0.766124	0.040323	0.040323	LN	0.766124	1	True	2	HN-S	0	0	0	0	0	1	1	0	0	False
(｡・́︿・̀｡)	0	0	0	0	0	0	0	0	0	-14.085544565382742	-14.085544565382742	-4.182007014096572	-14.085544565382742	-3.265746281172456	-1.6563243685463587	-0.3534145294015878	-4.182007014096572	-3.265746281172456	1e-06	1e-06	0.015268	1e-06	0.038168	0.190839	0.702286	0.015268	0.038168	LN	0.702286	1	True	421	LN	6	8	7	5	10	128	246	6	5	True
(｡・ω・｡)	0	0	0	0	0	0	0	0	0	-2.671844633250642	-1.8245505823691075	-0.9372490680370839	-1.6910195468864853	-4.686704321687309	-4.686704321687309	-4.281255879551397	-1.9787007860073635	-3.7704435887631935	0.069125	0.16129	0.391704	0.184331	0.009217	0.009217	0.013825	0.138249	0.023042	LP	0.391704	1	True	46	LP	0	0	33	0	0	1	0	12	0	True
(｡・‿-)	0	0	0	0	0	0	0	0	0	-1.417618978818616	-1.6182892702411795	-1.1764573116114851	-1.5129289768051062	-14.635294354207435	-14.635294354207435	-14.635294354207435	-3.8154960699971494	-4.731756802921265	0.24229	0.198238	0.308369	0.220264	0.0	0.0	0.0	0.022027	0.008811	LP	0.308369	1	True	1	LP	0	0	1	0	0	0	0	0	0	True
(｡・‿・｡)	0	0	0	0	0	0	0	0	0	-2.5649473061910566	-1.7176532553095223	-0.7731933924969523	-1.4663394619476384	-14.483344545913894	-14.483344545913894	-14.483344545913894	-2.970409080993665	-14.483344545913894	0.076923	0.179487	0.461537	0.230769	1e-06	1e-06	1e-06	0.051282	1e-06	LP	0.461537	1	True	10	LP	0	1	6	1	0	0	1	1	0	True
(ﾉ◕ヮ◕)	0	0	0	0	0	0	0	0	0	-1.3862966338404483	-0.9509792042928721	-1.9924309222631515	-1.8382807186248957	-4.700434457943097	-4.700434457943097	-5.393531642252752	-3.7841737250189817	-3.7841737250189817	0.249999	0.386363	0.136364	0.159091	0.009091	0.009091	0.004546	0.022728	0.022728	HP-S	0.386363	1	True	636	HP-S	83	175	34	76	69	50	41	42	66	True
(ﾟｰﾟ)	0	0	0	0	0	0	0	0	0	-3.5145114242976634	-4.025323715085867	-2.8213742435877207	-2.8213742435877207	-2.8213742435877207	-3.5145114242976634	-2.415912468785112	-0.8064798896630118	-1.5686184179035776	0.029762	0.017858	0.059524	0.059524	0.059524	0.029762	0.089286	0.446427	0.208333	NB	0.446427	1	True	6	LN	0	0	0	0	0	2	3	1	0	False
(￣ヘ￣)	0	0	0	0	0	0	0	0	0	-4.310755166885686	-5.00385235119534	-5.00385235119534	-4.310755166885686	-0.6472422374556213	-3.39449443396157	-2.008215072654182	-1.7850725213354726	-2.2958954784490184	0.013423	0.006712	0.006712	0.013423	0.523487	0.033558	0.134228	0.167785	0.100671	HN-D	0.523487	1	True	1	NB	0	0	0	0	0	0	0	1	0	False
